INSERT INTO TBTI_APPLIKATION (LAUF_NR, ERFASSUNGSZEIT, ERFASSER, NAME, APPACKAGE, CODEWERT_TYP) VALUES (26, '2005-12-13 14:17:01.916968', '       ', 'FCB                                               ', 'beispiel.ch.basler.fcb                            ', 2);


INSERT INTO TBTI_CODETYP (LAUF_NR, ERFASSUNGSZEIT, ERFASSER, NAME, ZUSTAENDIGKEIT_NR) VALUES (146, '2005-12-14 13:24:23.063066', '       ', 'TICKETTYP                                         ', 5);
INSERT INTO TBTI_CODETYP (LAUF_NR, ERFASSUNGSZEIT, ERFASSER, NAME, ZUSTAENDIGKEIT_NR) VALUES (148, '2005-12-14 13:24:23.063165', '       ', 'SPIELTYP                                          ', 5);
INSERT INTO TBTI_CODETYP (LAUF_NR, ERFASSUNGSZEIT, ERFASSER, NAME, ZUSTAENDIGKEIT_NR) VALUES (149, '2005-12-14 13:24:23.063257', '       ', 'SPIELGEGNER                                       ', 5);
INSERT INTO TBTI_CODETYP (LAUF_NR, ERFASSUNGSZEIT, ERFASSER, NAME, ZUSTAENDIGKEIT_NR) VALUES (150, '2005-12-14 13:24:23.063359', '       ', 'ZAHLUNGSART                                       ', 5);
INSERT INTO TBTI_CODETYP (LAUF_NR, ERFASSUNGSZEIT, ERFASSER, NAME, ZUSTAENDIGKEIT_NR) VALUES (151, '2005-12-14 13:24:23.063579', '       ', 'ZAHLUNGSMODALITAET                                ', 5);
INSERT INTO TBTI_CODETYP (LAUF_NR, ERFASSUNGSZEIT, ERFASSER, NAME, ZUSTAENDIGKEIT_NR) VALUES (166, '2005-12-14 13:24:23.065179', '       ', 'STATUS                                            ', 5);
INSERT INTO TBTI_CODETYP (LAUF_NR, ERFASSUNGSZEIT, ERFASSER, NAME, ZUSTAENDIGKEIT_NR) VALUES (167, '2005-12-14 13:24:23.065249', '       ', 'STATUS_BESTELLUNG                                 ', 5);


INSERT INTO TBTI_CODEWERT (CODETYP_NR, WERT, ERFASSUNGSZEIT, ERFASSER, NAME) VALUES (146, 1, '2005-12-14 16:38:23.103165', '       ', 'SEKTOR_A                                          ');
INSERT INTO TBTI_CODEWERT (CODETYP_NR, WERT, ERFASSUNGSZEIT, ERFASSER, NAME) VALUES (146, 2, '2005-12-14 16:38:23.103261', '       ', 'SEKTOR_B                                          ');
INSERT INTO TBTI_CODEWERT (CODETYP_NR, WERT, ERFASSUNGSZEIT, ERFASSER, NAME) VALUES (146, 3, '2005-12-14 16:38:23.103443', '       ', 'SEKTOR_C                                          ');
INSERT INTO TBTI_CODEWERT (CODETYP_NR, WERT, ERFASSUNGSZEIT, ERFASSER, NAME) VALUES (146, 4, '2005-12-14 16:38:23.103547', '       ', 'SEKTOR_D                                          ');
INSERT INTO TBTI_CODEWERT (CODETYP_NR, WERT, ERFASSUNGSZEIT, ERFASSER, NAME) VALUES (148, 1, '2005-12-14 16:38:23.103611', '       ', 'SPIELTYP_MEISTERSCHAFT                            ');
INSERT INTO TBTI_CODEWERT (CODETYP_NR, WERT, ERFASSUNGSZEIT, ERFASSER, NAME) VALUES (148, 2, '2005-12-14 16:38:23.103747', '       ', 'SPIELTYP_CUP                                      ');
INSERT INTO TBTI_CODEWERT (CODETYP_NR, WERT, ERFASSUNGSZEIT, ERFASSER, NAME) VALUES (148, 3, '2005-12-14 16:38:23.103827', '       ', 'SPIELTYP_CL                                       ');
INSERT INTO TBTI_CODEWERT (CODETYP_NR, WERT, ERFASSUNGSZEIT, ERFASSER, NAME) VALUES (148, 4, '2005-12-14 16:38:23.103919', '       ', 'SPIELTYP_FREUNDSCHAFTSPIEL                        ');
INSERT INTO TBTI_CODEWERT (CODETYP_NR, WERT, ERFASSUNGSZEIT, ERFASSER, NAME) VALUES (148, 5, '2005-12-14 16:38:23.104084', '       ', 'SPIELTYP_UEFA_CUP                                 ');
INSERT INTO TBTI_CODEWERT (CODETYP_NR, WERT, ERFASSUNGSZEIT, ERFASSER, NAME) VALUES (149, 1, '2005-12-14 16:38:23.104189', '       ', 'GC                                                ');
INSERT INTO TBTI_CODEWERT (CODETYP_NR, WERT, ERFASSUNGSZEIT, ERFASSER, NAME) VALUES (149, 2, '2005-12-14 16:38:23.104271', '       ', 'SG                                                ');
INSERT INTO TBTI_CODEWERT (CODETYP_NR, WERT, ERFASSUNGSZEIT, ERFASSER, NAME) VALUES (149, 3, '2005-12-14 16:38:23.104327', '       ', 'IB                                                ');
INSERT INTO TBTI_CODEWERT (CODETYP_NR, WERT, ERFASSUNGSZEIT, ERFASSER, NAME) VALUES (149, 4, '2005-12-14 16:38:23.104383', '       ', 'XAMAX                                             ');
INSERT INTO TBTI_CODEWERT (CODETYP_NR, WERT, ERFASSUNGSZEIT, ERFASSER, NAME) VALUES (149, 5, '2005-12-14 16:38:23.104460', '       ', 'SERVETTE                                          ');
INSERT INTO TBTI_CODEWERT (CODETYP_NR, WERT, ERFASSUNGSZEIT, ERFASSER, NAME) VALUES (149, 6, '2005-12-14 16:38:23.104535', '       ', 'SVMUTTENZ                                         ');
INSERT INTO TBTI_CODEWERT (CODETYP_NR, WERT, ERFASSUNGSZEIT, ERFASSER, NAME) VALUES (149, 7, '2005-12-14 16:38:23.104604', '       ', 'FCZUERICH                                         ');
INSERT INTO TBTI_CODEWERT (CODETYP_NR, WERT, ERFASSUNGSZEIT, ERFASSER, NAME) VALUES (149, 8, '2005-12-14 16:38:23.104673', '       ', 'FCALLE                                            ');
INSERT INTO TBTI_CODEWERT (CODETYP_NR, WERT, ERFASSUNGSZEIT, ERFASSER, NAME) VALUES (149, 9, '2005-12-14 16:38:23.104739', '       ', 'FCWIL                                             ');
INSERT INTO TBTI_CODEWERT (CODETYP_NR, WERT, ERFASSUNGSZEIT, ERFASSER, NAME) VALUES (149, 10, '2005-12-14 16:38:23.104807', '       ', 'RACINGSTRASBOURG                                  ');
INSERT INTO TBTI_CODEWERT (CODETYP_NR, WERT, ERFASSUNGSZEIT, ERFASSER, NAME) VALUES (149, 11, '2005-12-14 16:38:23.104916', '       ', 'FCAARAU                                           ');
INSERT INTO TBTI_CODEWERT (CODETYP_NR, WERT, ERFASSUNGSZEIT, ERFASSER, NAME) VALUES (149, 12, '2005-12-14 16:38:23.104987', '       ', 'FCTHUN                                            ');
INSERT INTO TBTI_CODEWERT (CODETYP_NR, WERT, ERFASSUNGSZEIT, ERFASSER, NAME) VALUES (149, 13, '2005-12-14 16:38:23.105052', '       ', 'NOCH_NICHT_BEKANNT                                ');
INSERT INTO TBTI_CODEWERT (CODETYP_NR, WERT, ERFASSUNGSZEIT, ERFASSER, NAME) VALUES (150, 1, '2005-12-14 16:38:23.105152', '       ', 'KREDITKARTE                                       ');
INSERT INTO TBTI_CODEWERT (CODETYP_NR, WERT, ERFASSUNGSZEIT, ERFASSER, NAME) VALUES (150, 2, '2005-12-14 16:38:23.105252', '       ', 'BAR                                               ');
INSERT INTO TBTI_CODEWERT (CODETYP_NR, WERT, ERFASSUNGSZEIT, ERFASSER, NAME) VALUES (151, 1, '2005-12-14 16:38:23.105315', '       ', 'VISA                                              ');
INSERT INTO TBTI_CODEWERT (CODETYP_NR, WERT, ERFASSUNGSZEIT, ERFASSER, NAME) VALUES (151, 2, '2005-12-14 16:38:23.105392', '       ', 'MASTERCARD                                        ');
INSERT INTO TBTI_CODEWERT (CODETYP_NR, WERT, ERFASSUNGSZEIT, ERFASSER, NAME) VALUES (151, 3, '2005-12-14 16:38:23.105479', '       ', 'EUROCARD                                          ');
INSERT INTO TBTI_CODEWERT (CODETYP_NR, WERT, ERFASSUNGSZEIT, ERFASSER, NAME) VALUES (166, 1, '2005-12-14 16:38:23.113911', '       ', 'STATUS_PRUEFEN                                    ');
INSERT INTO TBTI_CODEWERT (CODETYP_NR, WERT, ERFASSUNGSZEIT, ERFASSER, NAME) VALUES (166, 2, '2005-12-14 16:38:23.113998', '       ', 'STATUS_FEHLER                                     ');
INSERT INTO TBTI_CODEWERT (CODETYP_NR, WERT, ERFASSUNGSZEIT, ERFASSER, NAME) VALUES (166, 3, '2005-12-14 16:38:23.114097', '       ', 'STATUS_FELDER_GEFUELLT                            ');
INSERT INTO TBTI_CODEWERT (CODETYP_NR, WERT, ERFASSUNGSZEIT, ERFASSER, NAME) VALUES (167, 1, '2005-12-14 16:38:23.114204', '       ', 'STATUS_SCHWEBE                                    ');
INSERT INTO TBTI_CODEWERT (CODETYP_NR, WERT, ERFASSUNGSZEIT, ERFASSER, NAME) VALUES (167, 2, '2005-12-14 16:38:23.114315', '       ', 'STATUS_BESTELLT                                   ');
INSERT INTO TBTI_CODEWERT (CODETYP_NR, WERT, ERFASSUNGSZEIT, ERFASSER, NAME) VALUES (167, 3, '2008-06-12 13:11:08.397000', 'B018007', 'S                                                 ');

INSERT INTO TBTI_TEXT (lauf_nr, erfassungszeit, erfasser, typ, wert_d, wert_f, wert_i, wert_e) VALUES (1937, '2005-12-14 21:44:57.853184', '       ', 3, 'Sektor A                                                                                                                                                                                                                                                       ', '                                                                                                                                                                                                                                                               ', '                                                                                                                                                                                                                                                               ', '                                                                                                                                                                                                                                                               ');
INSERT INTO TBTI_TEXT (lauf_nr, erfassungszeit, erfasser, typ, wert_d, wert_f, wert_i, wert_e) VALUES (1938, '2005-12-14 21:44:57.853207', '       ', 3, 'Sektor B                                                                                                                                                                                                                                                       ', '                                                                                                                                                                                                                                                               ', '                                                                                                                                                                                                                                                               ', '                                                                                                                                                                                                                                                               ');
INSERT INTO TBTI_TEXT (lauf_nr, erfassungszeit, erfasser, typ, wert_d, wert_f, wert_i, wert_e) VALUES (1939, '2005-12-14 21:44:57.853230', '       ', 3, 'Sektor C                                                                                                                                                                                                                                                       ', '                                                                                                                                                                                                                                                               ', '                                                                                                                                                                                                                                                               ', '                                                                                                                                                                                                                                                               ');
INSERT INTO TBTI_TEXT (lauf_nr, erfassungszeit, erfasser, typ, wert_d, wert_f, wert_i, wert_e) VALUES (1940, '2005-12-14 21:44:57.853253', '       ', 3, 'Sektor D                                                                                                                                                                                                                                                       ', '                                                                                                                                                                                                                                                               ', '                                                                                                                                                                                                                                                               ', '                                                                                                                                                                                                                                                               ');
INSERT INTO TBTI_TEXT (lauf_nr, erfassungszeit, erfasser, typ, wert_d, wert_f, wert_i, wert_e) VALUES (1950, '2005-12-14 21:44:57.853490', '       ', 3, 'Meisterschaft                                                                                                                                                                                                                                                  ', '                                                                                                                                                                                                                                                               ', '                                                                                                                                                                                                                                                               ', '                                                                                                                                                                                                                                                               ');
INSERT INTO TBTI_TEXT (lauf_nr, erfassungszeit, erfasser, typ, wert_d, wert_f, wert_i, wert_e) VALUES (1951, '2005-12-14 21:44:57.853513', '       ', 3, 'Schweizer-Cup                                                                                                                                                                                                                                                  ', 'Schweizer-Cup                                                                                                                                                                                                                                                  ', 'Schweizer-Cup                                                                                                                                                                                                                                                  ', 'Schweizer-Cup                                                                                                                                                                                                                                                  ');
INSERT INTO TBTI_TEXT (lauf_nr, erfassungszeit, erfasser, typ, wert_d, wert_f, wert_i, wert_e) VALUES (1952, '2005-12-14 21:44:57.853537', '       ', 3, 'Champions League                                                                                                                                                                                                                                               ', '                                                                                                                                                                                                                                                               ', '                                                                                                                                                                                                                                                               ', '                                                                                                                                                                                                                                                               ');
INSERT INTO TBTI_TEXT (lauf_nr, erfassungszeit, erfasser, typ, wert_d, wert_f, wert_i, wert_e) VALUES (1955, '2005-12-14 21:44:57.853607', '       ', 3, 'Visa                                                                                                                                                                                                                                                           ', '                                                                                                                                                                                                                                                               ', '                                                                                                                                                                                                                                                               ', '                                                                                                                                                                                                                                                               ');
INSERT INTO TBTI_TEXT (lauf_nr, erfassungszeit, erfasser, typ, wert_d, wert_f, wert_i, wert_e) VALUES (1956, '2005-12-14 21:44:57.854827', '       ', 3, 'Bar                                                                                                                                                                                                                                                            ', '                                                                                                                                                                                                                                                               ', '                                                                                                                                                                                                                                                               ', '                                                                                                                                                                                                                                                               ');
INSERT INTO TBTI_TEXT (lauf_nr, erfassungszeit, erfasser, typ, wert_d, wert_f, wert_i, wert_e) VALUES (1957, '2005-12-14 21:44:57.854856', '       ', 3, 'Kreditkarte                                                                                                                                                                                                                                                    ', '                                                                                                                                                                                                                                                               ', '                                                                                                                                                                                                                                                               ', '                                                                                                                                                                                                                                                               ');
INSERT INTO TBTI_TEXT (lauf_nr, erfassungszeit, erfasser, typ, wert_d, wert_f, wert_i, wert_e) VALUES (1958, '2005-12-14 21:44:57.854879', '       ', 3, 'Mastercard                                                                                                                                                                                                                                                     ', '                                                                                                                                                                                                                                                               ', '                                                                                                                                                                                                                                                               ', '                                                                                                                                                                                                                                                               ');
INSERT INTO TBTI_TEXT (lauf_nr, erfassungszeit, erfasser, typ, wert_d, wert_f, wert_i, wert_e) VALUES (1960, '2005-12-14 21:44:57.854926', '       ', 3, 'Eurocard                                                                                                                                                                                                                                                       ', '                                                                                                                                                                                                                                                               ', '                                                                                                                                                                                                                                                               ', '                                                                                                                                                                                                                                                               ');
INSERT INTO TBTI_TEXT (lauf_nr, erfassungszeit, erfasser, typ, wert_d, wert_f, wert_i, wert_e) VALUES (2347, '2006-11-06 09:04:01.375000', 'b018007', 2, 'Fehler beim lesen der Ticketkategorien                                                                                                                                                                                                                         ', '                                                                                                                                                                                                                                                               ', '                                                                                                                                                                                                                                                               ', '                                                                                                                                                                                                                                                               ');
INSERT INTO TBTI_TEXT (lauf_nr, erfassungszeit, erfasser, typ, wert_d, wert_f, wert_i, wert_e) VALUES (2348, '2005-12-14 21:44:57.866147', '       ', 2, 'Fehler beim initialisieren des AdressdatenPanel                                                                                                                                                                                                                ', '                                                                                                                                                                                                                                                               ', '                                                                                                                                                                                                                                                               ', '                                                                                                                                                                                                                                                               ');
INSERT INTO TBTI_TEXT (lauf_nr, erfassungszeit, erfasser, typ, wert_d, wert_f, wert_i, wert_e) VALUES (2349, '2005-12-14 21:44:57.866170', '       ', 2, 'Fehler beim Zugriff auf den Prozess "Totalbetrag berechnen"                                                                                                                                                                                                    ', '                                                                                                                                                                                                                                                               ', '                                                                                                                                                                                                                                                               ', '                                                                                                                                                                                                                                                               ');
INSERT INTO TBTI_TEXT (lauf_nr, erfassungszeit, erfasser, typ, wert_d, wert_f, wert_i, wert_e) VALUES (2350, '2009-06-12 08:20:21.259000', 'B021703', 2, 'Beginn- bzw. Enddatum im falschen Format.                                                                                                                                                                                                                      ', 'Date de début ou de fin figure dans un format erroné.                                                                                                                                                                                                          ', '                                                                                                                                                                                                                                                               ', '                                                                                                                                                                                                                                                               ');
INSERT INTO TBTI_TEXT (lauf_nr, erfassungszeit, erfasser, typ, wert_d, wert_f, wert_i, wert_e) VALUES (2351, '2005-12-14 21:44:57.866216', '       ', 2, 'Lesen der Spielaustragung fehlgeschlagen.                                                                                                                                                                                                                      ', '                                                                                                                                                                                                                                                               ', '                                                                                                                                                                                                                                                               ', '                                                                                                                                                                                                                                                               ');
INSERT INTO TBTI_TEXT (lauf_nr, erfassungszeit, erfasser, typ, wert_d, wert_f, wert_i, wert_e) VALUES (2352, '2005-12-14 21:44:57.866239', '       ', 2, 'Fehler beim Zugriff auf den Prozess "aktualisiere Ticketkategorie"                                                                                                                                                                                             ', '                                                                                                                                                                                                                                                               ', '                                                                                                                                                                                                                                                               ', '                                                                                                                                                                                                                                                               ');
INSERT INTO TBTI_TEXT (lauf_nr, erfassungszeit, erfasser, typ, wert_d, wert_f, wert_i, wert_e) VALUES (2353, '2005-12-14 21:44:57.866262', '       ', 2, 'Fehler beim initialisieren des TicketingViewPanel                                                                                                                                                                                                              ', '                                                                                                                                                                                                                                                               ', '                                                                                                                                                                                                                                                               ', '                                                                                                                                                                                                                                                               ');
INSERT INTO TBTI_TEXT (lauf_nr, erfassungszeit, erfasser, typ, wert_d, wert_f, wert_i, wert_e) VALUES (2354, '2005-12-14 21:44:57.866285', '       ', 2, 'Keine Ticketkategorien vorhanden                                                                                                                                                                                                                               ', '                                                                                                                                                                                                                                                               ', '                                                                                                                                                                                                                                                               ', '                                                                                                                                                                                                                                                               ');
INSERT INTO TBTI_TEXT (lauf_nr, erfassungszeit, erfasser, typ, wert_d, wert_f, wert_i, wert_e) VALUES (2355, '2005-12-14 21:44:57.866308', '       ', 2, 'Fehler beim initialisieren des TicketUebersichtPanel                                                                                                                                                                                                           ', '                                                                                                                                                                                                                                                               ', '                                                                                                                                                                                                                                                               ', '                                                                                                                                                                                                                                                               ');
INSERT INTO TBTI_TEXT (lauf_nr, erfassungszeit, erfasser, typ, wert_d, wert_f, wert_i, wert_e) VALUES (2356, '2005-12-14 21:44:57.866332', '       ', 2, 'Tickettyp nicht gefunden                                                                                                                                                                                                                                       ', '                                                                                                                                                                                                                                                               ', '                                                                                                                                                                                                                                                               ', '                                                                                                                                                                                                                                                               ');
INSERT INTO TBTI_TEXT (lauf_nr, erfassungszeit, erfasser, typ, wert_d, wert_f, wert_i, wert_e) VALUES (2357, '2005-12-14 21:44:57.866355', '       ', 2, 'Fehler beim initialisieren des ZahlungsmodalitaetPanel                                                                                                                                                                                                         ', '                                                                                                                                                                                                                                                               ', '                                                                                                                                                                                                                                                               ', '                                                                                                                                                                                                                                                               ');
INSERT INTO TBTI_TEXT (lauf_nr, erfassungszeit, erfasser, typ, wert_d, wert_f, wert_i, wert_e) VALUES (2359, '2005-12-14 21:44:57.866421', '       ', 2, 'Fehler beim initialisieren des LeseSpieldatenViewPanel                                                                                                                                                                                                         ', '                                                                                                                                                                                                                                                               ', '                                                                                                                                                                                                                                                               ', '                                                                                                                                                                                                                                                               ');
INSERT INTO TBTI_TEXT (lauf_nr, erfassungszeit, erfasser, typ, wert_d, wert_f, wert_i, wert_e) VALUES (2430, '2005-12-14 21:44:57.868280', '       ', 3, 'Grasshopper                                                                                                                                                                                                                                                    ', '                                                                                                                                                                                                                                                               ', '                                                                                                                                                                                                                                                               ', '                                                                                                                                                                                                                                                               ');
INSERT INTO TBTI_TEXT (lauf_nr, erfassungszeit, erfasser, typ, wert_d, wert_f, wert_i, wert_e) VALUES (2431, '2005-12-14 21:44:57.868303', '       ', 3, 'FC St. Gallen                                                                                                                                                                                                                                                  ', '                                                                                                                                                                                                                                                               ', '                                                                                                                                                                                                                                                               ', '                                                                                                                                                                                                                                                               ');
INSERT INTO TBTI_TEXT (lauf_nr, erfassungszeit, erfasser, typ, wert_d, wert_f, wert_i, wert_e) VALUES (2432, '2005-12-14 21:44:57.868326', '       ', 3, 'Young Boys Bern                                                                                                                                                                                                                                                ', '                                                                                                                                                                                                                                                               ', '                                                                                                                                                                                                                                                               ', '                                                                                                                                                                                                                                                               ');
INSERT INTO TBTI_TEXT (lauf_nr, erfassungszeit, erfasser, typ, wert_d, wert_f, wert_i, wert_e) VALUES (2433, '2005-12-14 21:44:57.868356', '       ', 3, 'Neuchâtel Xamax                                                                                                                                                                                                                                                ', '                                                                                                                                                                                                                                                               ', '                                                                                                                                                                                                                                                               ', '                                                                                                                                                                                                                                                               ');
INSERT INTO TBTI_TEXT (lauf_nr, erfassungszeit, erfasser, typ, wert_d, wert_f, wert_i, wert_e) VALUES (2434, '2005-12-14 21:44:57.868380', '       ', 3, 'Servette Genf                                                                                                                                                                                                                                                  ', '                                                                                                                                                                                                                                                               ', '                                                                                                                                                                                                                                                               ', '                                                                                                                                                                                                                                                               ');
INSERT INTO TBTI_TEXT (lauf_nr, erfassungszeit, erfasser, typ, wert_d, wert_f, wert_i, wert_e) VALUES (2527, '2005-12-14 21:44:57.870932', '       ', 2, 'Aktion Totalbetragberechnen nicht ausfuehrbar                                                                                                                                                                                                                  ', '                                                                                                                                                                                                                                                               ', '                                                                                                                                                                                                                                                               ', '                                                                                                                                                                                                                                                               ');
INSERT INTO TBTI_TEXT (lauf_nr, erfassungszeit, erfasser, typ, wert_d, wert_f, wert_i, wert_e) VALUES (2528, '2005-12-14 21:44:57.870955', '       ', 2, 'Aktion Totalbetragberechnen nicht gefunden                                                                                                                                                                                                                     ', '                                                                                                                                                                                                                                                               ', '                                                                                                                                                                                                                                                               ', '                                                                                                                                                                                                                                                               ');
INSERT INTO TBTI_TEXT (lauf_nr, erfassungszeit, erfasser, typ, wert_d, wert_f, wert_i, wert_e) VALUES (2607, '2005-12-14 21:44:57.873000', '       ', 2, 'Feld "Tickettyp" fehlerhaft                                                                                                                                                                                                                                    ', '                                                                                                                                                                                                                                                               ', '                                                                                                                                                                                                                                                               ', '                                                                                                                                                                                                                                                               ');
INSERT INTO TBTI_TEXT (lauf_nr, erfassungszeit, erfasser, typ, wert_d, wert_f, wert_i, wert_e) VALUES (2608, '2005-12-14 21:44:57.873023', '       ', 2, 'Feld "Ticketpreis" fehlerhaft                                                                                                                                                                                                                                  ', '                                                                                                                                                                                                                                                               ', '                                                                                                                                                                                                                                                               ', '                                                                                                                                                                                                                                                               ');
INSERT INTO TBTI_TEXT (lauf_nr, erfassungszeit, erfasser, typ, wert_d, wert_f, wert_i, wert_e) VALUES (2609, '2005-12-14 21:44:57.873047', '       ', 2, 'Feld "Anzahl Tickets" fehlerhaft                                                                                                                                                                                                                               ', '                                                                                                                                                                                                                                                               ', '                                                                                                                                                                                                                                                               ', '                                                                                                                                                                                                                                                               ');
INSERT INTO TBTI_TEXT (lauf_nr, erfassungszeit, erfasser, typ, wert_d, wert_f, wert_i, wert_e) VALUES (2610, '2005-12-14 21:44:57.873070', '       ', 2, 'Feld "Totalbetrag" fehlerhaft                                                                                                                                                                                                                                  ', '                                                                                                                                                                                                                                                               ', '                                                                                                                                                                                                                                                               ', '                                                                                                                                                                                                                                                               ');
INSERT INTO TBTI_TEXT (lauf_nr, erfassungszeit, erfasser, typ, wert_d, wert_f, wert_i, wert_e) VALUES (2611, '2005-12-14 21:44:57.873093', '       ', 2, 'Feld "Spielbeginn" fehlerhaft                                                                                                                                                                                                                                  ', '                                                                                                                                                                                                                                                               ', '                                                                                                                                                                                                                                                               ', '                                                                                                                                                                                                                                                               ');
INSERT INTO TBTI_TEXT (lauf_nr, erfassungszeit, erfasser, typ, wert_d, wert_f, wert_i, wert_e) VALUES (2612, '2005-12-14 21:44:57.873116', '       ', 2, 'Feld "Spielgegner" fehlerhaft                                                                                                                                                                                                                                  ', '                                                                                                                                                                                                                                                               ', '                                                                                                                                                                                                                                                               ', '                                                                                                                                                                                                                                                               ');
INSERT INTO TBTI_TEXT (lauf_nr, erfassungszeit, erfasser, typ, wert_d, wert_f, wert_i, wert_e) VALUES (2613, '2005-12-14 21:44:57.873140', '       ', 2, 'Feld "Spieldatum" fehlerhaft                                                                                                                                                                                                                                   ', '                                                                                                                                                                                                                                                               ', '                                                                                                                                                                                                                                                               ', '                                                                                                                                                                                                                                                               ');
INSERT INTO TBTI_TEXT (lauf_nr, erfassungszeit, erfasser, typ, wert_d, wert_f, wert_i, wert_e) VALUES (2614, '2005-12-14 21:44:57.873163', '       ', 2, 'Feld "Spieltyp" fehlerhaft                                                                                                                                                                                                                                     ', '                                                                                                                                                                                                                                                               ', '                                                                                                                                                                                                                                                               ', '                                                                                                                                                                                                                                                               ');
INSERT INTO TBTI_TEXT (lauf_nr, erfassungszeit, erfasser, typ, wert_d, wert_f, wert_i, wert_e) VALUES (2615, '2005-12-14 21:44:57.873186', '       ', 2, 'Feld "Vorname" fehlerhaft                                                                                                                                                                                                                                      ', '                                                                                                                                                                                                                                                               ', '                                                                                                                                                                                                                                                               ', '                                                                                                                                                                                                                                                               ');
INSERT INTO TBTI_TEXT (lauf_nr, erfassungszeit, erfasser, typ, wert_d, wert_f, wert_i, wert_e) VALUES (2616, '2005-12-14 21:44:57.873209', '       ', 2, 'Feld "Name" fehlerhaft                                                                                                                                                                                                                                         ', '                                                                                                                                                                                                                                                               ', '                                                                                                                                                                                                                                                               ', '                                                                                                                                                                                                                                                               ');
INSERT INTO TBTI_TEXT (lauf_nr, erfassungszeit, erfasser, typ, wert_d, wert_f, wert_i, wert_e) VALUES (2617, '2005-12-14 21:44:57.873232', '       ', 2, 'Feld "Strasse" fehlerhaft                                                                                                                                                                                                                                      ', '                                                                                                                                                                                                                                                               ', '                                                                                                                                                                                                                                                               ', '                                                                                                                                                                                                                                                               ');
INSERT INTO TBTI_TEXT (lauf_nr, erfassungszeit, erfasser, typ, wert_d, wert_f, wert_i, wert_e) VALUES (2618, '2005-12-14 21:44:57.873255', '       ', 2, 'Feld "Hausnummer" fehlerhaft                                                                                                                                                                                                                                   ', '                                                                                                                                                                                                                                                               ', '                                                                                                                                                                                                                                                               ', '                                                                                                                                                                                                                                                               ');
INSERT INTO TBTI_TEXT (lauf_nr, erfassungszeit, erfasser, typ, wert_d, wert_f, wert_i, wert_e) VALUES (2619, '2005-12-14 21:44:57.873281', '       ', 2, 'Feld "PLZ" fehlerhaft                                                                                                                                                                                                                                          ', '                                                                                                                                                                                                                                                               ', '                                                                                                                                                                                                                                                               ', '                                                                                                                                                                                                                                                               ');
INSERT INTO TBTI_TEXT (lauf_nr, erfassungszeit, erfasser, typ, wert_d, wert_f, wert_i, wert_e) VALUES (2620, '2005-12-14 21:44:57.873304', '       ', 2, 'Feld "Ort" fehlerhaft                                                                                                                                                                                                                                          ', '                                                                                                                                                                                                                                                               ', '                                                                                                                                                                                                                                                               ', '                                                                                                                                                                                                                                                               ');
INSERT INTO TBTI_TEXT (lauf_nr, erfassungszeit, erfasser, typ, wert_d, wert_f, wert_i, wert_e) VALUES (2621, '2005-12-14 21:44:57.873327', '       ', 2, 'Feld "Zahlungsart" fehlerhaft                                                                                                                                                                                                                                  ', '                                                                                                                                                                                                                                                               ', '                                                                                                                                                                                                                                                               ', '                                                                                                                                                                                                                                                               ');
INSERT INTO TBTI_TEXT (lauf_nr, erfassungszeit, erfasser, typ, wert_d, wert_f, wert_i, wert_e) VALUES (2622, '2005-12-14 21:44:57.873350', '       ', 2, 'Feld "Kreditkartentyp" fehlerhaft                                                                                                                                                                                                                              ', '                                                                                                                                                                                                                                                               ', '                                                                                                                                                                                                                                                               ', '                                                                                                                                                                                                                                                               ');
INSERT INTO TBTI_TEXT (lauf_nr, erfassungszeit, erfasser, typ, wert_d, wert_f, wert_i, wert_e) VALUES (2623, '2005-12-14 21:44:57.873373', '       ', 2, 'Feld "KreditkartenNr" fehlerhaft                                                                                                                                                                                                                               ', '                                                                                                                                                                                                                                                               ', '                                                                                                                                                                                                                                                               ', '                                                                                                                                                                                                                                                               ');
INSERT INTO TBTI_TEXT (lauf_nr, erfassungszeit, erfasser, typ, wert_d, wert_f, wert_i, wert_e) VALUES (2624, '2005-12-14 21:44:57.873396', '       ', 2, 'Feld "Ticketverkäufer Name" fehlerhaft                                                                                                                                                                                                                         ', '                                                                                                                                                                                                                                                               ', '                                                                                                                                                                                                                                                               ', '                                                                                                                                                                                                                                                               ');
INSERT INTO TBTI_TEXT (lauf_nr, erfassungszeit, erfasser, typ, wert_d, wert_f, wert_i, wert_e) VALUES (2625, '2005-12-14 21:44:57.873420', '       ', 2, 'Feld "Ticketverkäufer Vorname" fehlerhaft                                                                                                                                                                                                                      ', '                                                                                                                                                                                                                                                               ', '                                                                                                                                                                                                                                                               ', '                                                                                                                                                                                                                                                               ');
INSERT INTO TBTI_TEXT (lauf_nr, erfassungszeit, erfasser, typ, wert_d, wert_f, wert_i, wert_e) VALUES (2626, '2005-12-14 21:44:57.873443', '       ', 2, 'Feld "Ticketverkäufer Personal Nr" fehlerhaft                                                                                                                                                                                                                  ', '                                                                                                                                                                                                                                                               ', '                                                                                                                                                                                                                                                               ', '                                                                                                                                                                                                                                                               ');
INSERT INTO TBTI_TEXT (lauf_nr, erfassungszeit, erfasser, typ, wert_d, wert_f, wert_i, wert_e) VALUES (2627, '2005-12-14 21:44:57.873466', '       ', 2, 'Status der Bestellung fehlerhaft                                                                                                                                                                                                                               ', '                                                                                                                                                                                                                                                               ', '                                                                                                                                                                                                                                                               ', '                                                                                                                                                                                                                                                               ');
INSERT INTO TBTI_TEXT (lauf_nr, erfassungszeit, erfasser, typ, wert_d, wert_f, wert_i, wert_e) VALUES (2697, '2005-12-14 21:44:57.875437', '       ', 2, 'Bestellung (Key={0}) nicht gefunden                                                                                                                                                                                                                            ', '                                                                                                                                                                                                                                                               ', '                                                                                                                                                                                                                                                               ', '                                                                                                                                                                                                                                                               ');
INSERT INTO TBTI_TEXT (lauf_nr, erfassungszeit, erfasser, typ, wert_d, wert_f, wert_i, wert_e) VALUES (2703, '2005-12-14 21:44:57.875581', '       ', 2, 'Fehler in Speichern unter...                                                                                                                                                                                                                                   ', '                                                                                                                                                                                                                                                               ', '                                                                                                                                                                                                                                                               ', '                                                                                                                                                                                                                                                               ');
INSERT INTO TBTI_TEXT (lauf_nr, erfassungszeit, erfasser, typ, wert_d, wert_f, wert_i, wert_e) VALUES (2744, '2005-12-14 21:44:57.877609', '       ', 2, 'Maximale Ticketanzahl ({0}) überschritten.                                                                                                                                                                                                                     ', '                                                                                                                                                                                                                                                               ', '                                                                                                                                                                                                                                                               ', '                                                                                                                                                                                                                                                               ');
INSERT INTO TBTI_TEXT (lauf_nr, erfassungszeit, erfasser, typ, wert_d, wert_f, wert_i, wert_e) VALUES (2745, '2005-12-14 21:44:57.877633', '       ', 2, 'Prüfen...                                                                                                                                                                                                                                                      ', '                                                                                                                                                                                                                                                               ', '                                                                                                                                                                                                                                                               ', '                                                                                                                                                                                                                                                               ');
INSERT INTO TBTI_TEXT (lauf_nr, erfassungszeit, erfasser, typ, wert_d, wert_f, wert_i, wert_e) VALUES (2746, '2005-12-14 21:44:57.877656', '       ', 2, 'Alle Felder gefüllt                                                                                                                                                                                                                                            ', '                                                                                                                                                                                                                                                               ', '                                                                                                                                                                                                                                                               ', '                                                                                                                                                                                                                                                               ');
INSERT INTO TBTI_TEXT (lauf_nr, erfassungszeit, erfasser, typ, wert_d, wert_f, wert_i, wert_e) VALUES (2747, '2005-12-14 21:44:57.877679', '       ', 2, 'Fehler vorhanden                                                                                                                                                                                                                                               ', '                                                                                                                                                                                                                                                               ', '                                                                                                                                                                                                                                                               ', '                                                                                                                                                                                                                                                               ');
INSERT INTO TBTI_TEXT (lauf_nr, erfassungszeit, erfasser, typ, wert_d, wert_f, wert_i, wert_e) VALUES (2748, '2005-12-14 21:44:57.877702', '       ', 3, 'Prüfen...                                                                                                                                                                                                                                                      ', '                                                                                                                                                                                                                                                               ', '                                                                                                                                                                                                                                                               ', '                                                                                                                                                                                                                                                               ');
INSERT INTO TBTI_TEXT (lauf_nr, erfassungszeit, erfasser, typ, wert_d, wert_f, wert_i, wert_e) VALUES (2749, '2005-12-14 21:44:57.877725', '       ', 3, 'Fehler vorhanden                                                                                                                                                                                                                                               ', '                                                                                                                                                                                                                                                               ', '                                                                                                                                                                                                                                                               ', '                                                                                                                                                                                                                                                               ');
INSERT INTO TBTI_TEXT (lauf_nr, erfassungszeit, erfasser, typ, wert_d, wert_f, wert_i, wert_e) VALUES (2750, '2005-12-14 21:44:57.877748', '       ', 3, 'Alle Felder gefüllt                                                                                                                                                                                                                                            ', '                                                                                                                                                                                                                                                               ', '                                                                                                                                                                                                                                                               ', '                                                                                                                                                                                                                                                               ');
INSERT INTO TBTI_TEXT (lauf_nr, erfassungszeit, erfasser, typ, wert_d, wert_f, wert_i, wert_e) VALUES (2752, '2005-12-14 21:44:57.877794', '       ', 3, 'Schwebe                                                                                                                                                                                                                                                        ', '                                                                                                                                                                                                                                                               ', '                                                                                                                                                                                                                                                               ', '                                                                                                                                                                                                                                                               ');
INSERT INTO TBTI_TEXT (lauf_nr, erfassungszeit, erfasser, typ, wert_d, wert_f, wert_i, wert_e) VALUES (2753, '2005-12-14 21:44:57.877817', '       ', 3, 'Bestellt                                                                                                                                                                                                                                                       ', '                                                                                                                                                                                                                                                               ', '                                                                                                                                                                                                                                                               ', '                                                                                                                                                                                                                                                               ');
INSERT INTO TBTI_TEXT (lauf_nr, erfassungszeit, erfasser, typ, wert_d, wert_f, wert_i, wert_e) VALUES (2754, '2005-12-14 21:44:57.877840', '       ', 2, 'Bestellung ({0}) löschen?                                                                                                                                                                                                                                      ', '                                                                                                                                                                                                                                                               ', '                                                                                                                                                                                                                                                               ', '                                                                                                                                                                                                                                                               ');
INSERT INTO TBTI_TEXT (lauf_nr, erfassungszeit, erfasser, typ, wert_d, wert_f, wert_i, wert_e) VALUES (2755, '2005-12-14 21:44:57.877863', '       ', 2, 'Bestellung(en) löschen?                                                                                                                                                                                                                                        ', '                                                                                                                                                                                                                                                               ', '                                                                                                                                                                                                                                                               ', '                                                                                                                                                                                                                                                               ');
INSERT INTO TBTI_TEXT (lauf_nr, erfassungszeit, erfasser, typ, wert_d, wert_f, wert_i, wert_e) VALUES (2788, '2005-12-14 21:44:57.878744', '       ', 3, 'Freundschaftspiel                                                                                                                                                                                                                                              ', '                                                                                                                                                                                                                                                               ', '                                                                                                                                                                                                                                                               ', '                                                                                                                                                                                                                                                               ');
INSERT INTO TBTI_TEXT (lauf_nr, erfassungszeit, erfasser, typ, wert_d, wert_f, wert_i, wert_e) VALUES (2824, '2005-12-14 21:44:57.879828', '       ', 2, 'Lesen der Spielaustragung fehlgeschlagen (Persistenz Fehler)                                                                                                                                                                                                   ', '                                                                                                                                                                                                                                                               ', '                                                                                                                                                                                                                                                               ', '                                                                                                                                                                                                                                                               ');
INSERT INTO TBTI_TEXT (lauf_nr, erfassungszeit, erfasser, typ, wert_d, wert_f, wert_i, wert_e) VALUES (2825, '2005-12-14 21:44:57.879907', '       ', 2, 'Lesen der Spielaustragung fehlgeschlagen, (Connection Fehler)                                                                                                                                                                                                  ', '                                                                                                                                                                                                                                                               ', '                                                                                                                                                                                                                                                               ', '                                                                                                                                                                                                                                                               ');
INSERT INTO TBTI_TEXT (lauf_nr, erfassungszeit, erfasser, typ, wert_d, wert_f, wert_i, wert_e) VALUES (2826, '2005-12-14 21:44:57.879930', '       ', 2, 'Suche der Bestellung fehlgeschlagen (Connection Exception)                                                                                                                                                                                                     ', '                                                                                                                                                                                                                                                               ', '                                                                                                                                                                                                                                                               ', '                                                                                                                                                                                                                                                               ');
INSERT INTO TBTI_TEXT (lauf_nr, erfassungszeit, erfasser, typ, wert_d, wert_f, wert_i, wert_e) VALUES (2827, '2005-12-14 21:44:57.879953', '       ', 2, 'Suche der Bestellung fehlgeschlagen (Persistenz Exception)                                                                                                                                                                                                     ', '                                                                                                                                                                                                                                                               ', '                                                                                                                                                                                                                                                               ', '                                                                                                                                                                                                                                                               ');
INSERT INTO TBTI_TEXT (lauf_nr, erfassungszeit, erfasser, typ, wert_d, wert_f, wert_i, wert_e) VALUES (2828, '2005-12-14 21:44:57.879977', '       ', 2, 'Lese Ticketkategorien fehlgeschlagen (Connection Exception)                                                                                                                                                                                                    ', '                                                                                                                                                                                                                                                               ', '                                                                                                                                                                                                                                                               ', '                                                                                                                                                                                                                                                               ');
INSERT INTO TBTI_TEXT (lauf_nr, erfassungszeit, erfasser, typ, wert_d, wert_f, wert_i, wert_e) VALUES (2829, '2005-12-14 21:44:57.880000', '       ', 2, 'Lese Ticketkategorien fehlgeschlagen (Persistenz Exception)                                                                                                                                                                                                    ', '                                                                                                                                                                                                                                                               ', '                                                                                                                                                                                                                                                               ', '                                                                                                                                                                                                                                                               ');
INSERT INTO TBTI_TEXT (lauf_nr, erfassungszeit, erfasser, typ, wert_d, wert_f, wert_i, wert_e) VALUES (2830, '2005-12-14 21:44:57.880023', '       ', 2, 'Bestellung-Lookup fehlgeschlagen (Connection Exception)                                                                                                                                                                                                        ', '                                                                                                                                                                                                                                                               ', '                                                                                                                                                                                                                                                               ', '                                                                                                                                                                                                                                                               ');
INSERT INTO TBTI_TEXT (lauf_nr, erfassungszeit, erfasser, typ, wert_d, wert_f, wert_i, wert_e) VALUES (2831, '2005-12-14 21:44:57.880046', '       ', 2, 'Bestellung lookup fehlgeschlagen (Persistenz Exception)                                                                                                                                                                                                        ', '                                                                                                                                                                                                                                                               ', '                                                                                                                                                                                                                                                               ', '                                                                                                                                                                                                                                                               ');
INSERT INTO TBTI_TEXT (lauf_nr, erfassungszeit, erfasser, typ, wert_d, wert_f, wert_i, wert_e) VALUES (2832, '2005-12-14 21:44:57.880070', '       ', 2, 'AlreadyDeletedException ds                                                                                                                                                                                                                                     ', '                                                                                                                                                                                                                                                               ', '                                                                                                                                                                                                                                                               ', '                                                                                                                                                                                                                                                               ');
INSERT INTO TBTI_TEXT (lauf_nr, erfassungszeit, erfasser, typ, wert_d, wert_f, wert_i, wert_e) VALUES (2833, '2005-12-14 21:44:57.880093', '       ', 2, 'TicketkategorieNotFoundException ds                                                                                                                                                                                                                            ', '                                                                                                                                                                                                                                                               ', '                                                                                                                                                                                                                                                               ', '                                                                                                                                                                                                                                                               ');
INSERT INTO TBTI_TEXT (lauf_nr, erfassungszeit, erfasser, typ, wert_d, wert_f, wert_i, wert_e) VALUES (2834, '2005-12-14 21:44:57.880116', '       ', 2, 'BestellungNotFoundException ds                                                                                                                                                                                                                                 ', '                                                                                                                                                                                                                                                               ', '                                                                                                                                                                                                                                                               ', '                                                                                                                                                                                                                                                               ');
INSERT INTO TBTI_TEXT (lauf_nr, erfassungszeit, erfasser, typ, wert_d, wert_f, wert_i, wert_e) VALUES (2835, '2005-12-14 21:44:57.880140', '       ', 2, 'AlreadyUpdatedException ds                                                                                                                                                                                                                                     ', '                                                                                                                                                                                                                                                               ', '                                                                                                                                                                                                                                                               ', '                                                                                                                                                                                                                                                               ');
INSERT INTO TBTI_TEXT (lauf_nr, erfassungszeit, erfasser, typ, wert_d, wert_f, wert_i, wert_e) VALUES (2836, '2005-12-14 21:44:57.880166', '       ', 2, 'KonfigurationsException ds                                                                                                                                                                                                                                     ', '                                                                                                                                                                                                                                                               ', '                                                                                                                                                                                                                                                               ', '                                                                                                                                                                                                                                                               ');
INSERT INTO TBTI_TEXT (lauf_nr, erfassungszeit, erfasser, typ, wert_d, wert_f, wert_i, wert_e) VALUES (2837, '2005-12-14 21:44:57.880189', '       ', 2, 'Bestellung Speichern unter (Persistenz Exception)                                                                                                                                                                                                              ', '                                                                                                                                                                                                                                                               ', '                                                                                                                                                                                                                                                               ', '                                                                                                                                                                                                                                                               ');
INSERT INTO TBTI_TEXT (lauf_nr, erfassungszeit, erfasser, typ, wert_d, wert_f, wert_i, wert_e) VALUES (2838, '2005-12-14 21:44:57.880212', '       ', 2, 'Totalbetragberechnen (SystemException)                                                                                                                                                                                                                         ', '                                                                                                                                                                                                                                                               ', '                                                                                                                                                                                                                                                               ', '                                                                                                                                                                                                                                                               ');
INSERT INTO TBTI_TEXT (lauf_nr, erfassungszeit, erfasser, typ, wert_d, wert_f, wert_i, wert_e) VALUES (3033, '2005-12-14 21:44:57.885337', '       ', 3, 'SV Muttenz                                                                                                                                                                                                                                                     ', 'SV Muttenz                                                                                                                                                                                                                                                     ', 'SV Muttenz                                                                                                                                                                                                                                                     ', 'SV Muttenz                                                                                                                                                                                                                                                     ');
INSERT INTO TBTI_TEXT (lauf_nr, erfassungszeit, erfasser, typ, wert_d, wert_f, wert_i, wert_e) VALUES (3034, '2005-12-14 21:44:57.885361', '       ', 3, 'FC Zürich                                                                                                                                                                                                                                                      ', 'FC Zürich                                                                                                                                                                                                                                                      ', 'FC Zürich                                                                                                                                                                                                                                                      ', 'FC Zürich                                                                                                                                                                                                                                                      ');
INSERT INTO TBTI_TEXT (lauf_nr, erfassungszeit, erfasser, typ, wert_d, wert_f, wert_i, wert_e) VALUES (3035, '2005-12-14 21:44:57.885387', '       ', 3, 'FC Alle                                                                                                                                                                                                                                                        ', 'FC Alle                                                                                                                                                                                                                                                        ', 'FC Alle                                                                                                                                                                                                                                                        ', 'FC Alle                                                                                                                                                                                                                                                        ');
INSERT INTO TBTI_TEXT (lauf_nr, erfassungszeit, erfasser, typ, wert_d, wert_f, wert_i, wert_e) VALUES (3036, '2005-12-14 21:44:57.885411', '       ', 3, 'FC Wil                                                                                                                                                                                                                                                         ', 'FC Wil                                                                                                                                                                                                                                                         ', 'FC Wil                                                                                                                                                                                                                                                         ', 'FC Wil                                                                                                                                                                                                                                                         ');
INSERT INTO TBTI_TEXT (lauf_nr, erfassungszeit, erfasser, typ, wert_d, wert_f, wert_i, wert_e) VALUES (3037, '2005-12-14 21:44:57.885485', '       ', 3, 'Racing Strasbourg                                                                                                                                                                                                                                              ', 'Racing Strasbourg                                                                                                                                                                                                                                              ', 'Racing Strasbourg                                                                                                                                                                                                                                              ', 'Racing Strasbourg                                                                                                                                                                                                                                              ');
INSERT INTO TBTI_TEXT (lauf_nr, erfassungszeit, erfasser, typ, wert_d, wert_f, wert_i, wert_e) VALUES (3038, '2005-12-14 21:44:57.885508', '       ', 3, 'FC Aarau                                                                                                                                                                                                                                                       ', 'FC Aarau                                                                                                                                                                                                                                                       ', 'FC Aarau                                                                                                                                                                                                                                                       ', 'FC Aarau                                                                                                                                                                                                                                                       ');
INSERT INTO TBTI_TEXT (lauf_nr, erfassungszeit, erfasser, typ, wert_d, wert_f, wert_i, wert_e) VALUES (3039, '2005-12-14 21:44:57.885532', '       ', 3, 'FC Thun                                                                                                                                                                                                                                                        ', 'FC Thun                                                                                                                                                                                                                                                        ', 'FC Thun                                                                                                                                                                                                                                                        ', 'FC Thun                                                                                                                                                                                                                                                        ');
INSERT INTO TBTI_TEXT (lauf_nr, erfassungszeit, erfasser, typ, wert_d, wert_f, wert_i, wert_e) VALUES (3040, '2005-12-14 21:44:57.885555', '       ', 3, 'UEFA-Cup                                                                                                                                                                                                                                                       ', 'UEFA-Cup                                                                                                                                                                                                                                                       ', 'UEFA-Cup                                                                                                                                                                                                                                                       ', 'UEFA-Cup                                                                                                                                                                                                                                                       ');
INSERT INTO TBTI_TEXT (lauf_nr, erfassungszeit, erfasser, typ, wert_d, wert_f, wert_i, wert_e) VALUES (3041, '2005-12-14 21:44:57.885579', '       ', 3, 'noch nicht bekannt                                                                                                                                                                                                                                             ', 'noch nicht bekannt                                                                                                                                                                                                                                             ', 'noch nicht bekannt                                                                                                                                                                                                                                             ', 'noch nicht bekannt                                                                                                                                                                                                                                             ');
INSERT INTO TBTI_TEXT (lauf_nr, erfassungszeit, erfasser, typ, wert_d, wert_f, wert_i, wert_e) VALUES (45714, '2018-07-02 16:54:39.930000', 'B037215', 3, 'Paypal                                                                                                                                                                                                                                                         ', 'Pal de Pay                                                                                                                                                                                                                                                     ', 'Palo di Pago                                                                                                                                                                                                                                                   ', 'Paypal                                                                                                                                                                                                                                                         ');
INSERT INTO TBTI_TEXT (lauf_nr, erfassungszeit, erfasser, typ, wert_d, wert_f, wert_i, wert_e) VALUES (45715, '2018-07-02 16:54:40.008000', 'B037215', 3, 'Scheck                                                                                                                                                                                                                                                         ', 'Chècque                                                                                                                                                                                                                                                        ', 'Checco                                                                                                                                                                                                                                                         ', 'Check                                                                                                                                                                                                                                                          ');

INSERT INTO TBTI_CODEELEMENT (APPL_NR, ELEM_NR, TYP, ERFASSUNGSZEIT, ERFASSER, CODETYP_NR, MITCODENULL, CODENULLTEXT_NR, ALPHABSORTIERUNG) VALUES (26, 1, 1, '2006-11-06 09:55:15.265000', 'b018007', 146, '1', 0, '1');
INSERT INTO TBTI_CODEELEMENT (APPL_NR, ELEM_NR, TYP, ERFASSUNGSZEIT, ERFASSER, CODETYP_NR, MITCODENULL, CODENULLTEXT_NR, ALPHABSORTIERUNG) VALUES (26, 2, 1, '2005-12-13 15:24:41.371672', '       ', 149, '0', 0, '1');
INSERT INTO TBTI_CODEELEMENT (APPL_NR, ELEM_NR, TYP, ERFASSUNGSZEIT, ERFASSER, CODETYP_NR, MITCODENULL, CODENULLTEXT_NR, ALPHABSORTIERUNG) VALUES (26, 3, 1, '2005-12-13 15:24:41.371717', '       ', 148, '0', 0, '1');
INSERT INTO TBTI_CODEELEMENT (APPL_NR, ELEM_NR, TYP, ERFASSUNGSZEIT, ERFASSER, CODETYP_NR, MITCODENULL, CODENULLTEXT_NR, ALPHABSORTIERUNG) VALUES (26, 8, 1, '2005-12-13 15:24:41.371759', '       ', 151, '1', 0, '1');
INSERT INTO TBTI_CODEELEMENT (APPL_NR, ELEM_NR, TYP, ERFASSUNGSZEIT, ERFASSER, CODETYP_NR, MITCODENULL, CODENULLTEXT_NR, ALPHABSORTIERUNG) VALUES (26, 9, 1, '2005-12-13 15:24:41.371809', '       ', 150, '1', 0, '1');
INSERT INTO TBTI_CODEELEMENT (APPL_NR, ELEM_NR, TYP, ERFASSUNGSZEIT, ERFASSER, CODETYP_NR, MITCODENULL, CODENULLTEXT_NR, ALPHABSORTIERUNG) VALUES (26, 37, 1, '2005-12-13 15:24:41.371853', '       ', 166, '0', 0, '1');
INSERT INTO TBTI_CODEELEMENT (APPL_NR, ELEM_NR, TYP, ERFASSUNGSZEIT, ERFASSER, CODETYP_NR, MITCODENULL, CODENULLTEXT_NR, ALPHABSORTIERUNG) VALUES (26, 39, 1, '2005-12-13 15:24:41.371898', '       ', 167, '0', 0, '1');
INSERT INTO TBTI_CODEELEMENT (APPL_NR, ELEM_NR, TYP, ERFASSUNGSZEIT, ERFASSER, CODETYP_NR, MITCODENULL, CODENULLTEXT_NR, ALPHABSORTIERUNG) VALUES (26, 49, 1, '2005-12-13 15:24:41.380415', '       ', 189, '0', 0, '1');
INSERT INTO TBTI_CODEELEMENT (APPL_NR, ELEM_NR, TYP, ERFASSUNGSZEIT, ERFASSER, CODETYP_NR, MITCODENULL, CODENULLTEXT_NR, ALPHABSORTIERUNG) VALUES (26, 50, 1, '2005-12-13 15:24:41.380462', '       ', 190, '0', 0, '1');
INSERT INTO TBTI_CODEELEMENT (APPL_NR, ELEM_NR, TYP, ERFASSUNGSZEIT, ERFASSER, CODETYP_NR, MITCODENULL, CODENULLTEXT_NR, ALPHABSORTIERUNG) VALUES (26, 51, 1, '2005-12-13 15:24:41.380534', '       ', 191, '0', 0, '1');
INSERT INTO TBTI_CODEELEMENT (APPL_NR, ELEM_NR, TYP, ERFASSUNGSZEIT, ERFASSER, CODETYP_NR, MITCODENULL, CODENULLTEXT_NR, ALPHABSORTIERUNG) VALUES (26, 985, 2, '2006-09-15 15:58:51.984000', 'B018007', 14, '0', 0, '0');
INSERT INTO TBTI_CODEELEMENT (APPL_NR, ELEM_NR, TYP, ERFASSUNGSZEIT, ERFASSER, CODETYP_NR, MITCODENULL, CODENULLTEXT_NR, ALPHABSORTIERUNG) VALUES (26, 986, 2, '2006-09-15 15:59:13.093000', 'B018007', 60, '0', 0, '0');
INSERT INTO TBTI_CODEELEMENT (APPL_NR, ELEM_NR, TYP, ERFASSUNGSZEIT, ERFASSER, CODETYP_NR, MITCODENULL, CODENULLTEXT_NR, ALPHABSORTIERUNG) VALUES (26, 1008, 2, '2006-10-26 09:16:43.000000', 'b018007', 2, '0', 0, '0');

INSERT INTO TBTI_CODETXTSTIL (CODETYP_NR, STIL_NR, ERFASSUNGSZEIT, ERFASSER, NAME) VALUES (146, 1, '2005-12-14 12:55:29.876627', '       ', 'STANDARD                                          ');
INSERT INTO TBTI_CODETXTSTIL (CODETYP_NR, STIL_NR, ERFASSUNGSZEIT, ERFASSER, NAME) VALUES (148, 1, '2005-12-14 12:55:29.876684', '       ', 'STANDARD                                          ');
INSERT INTO TBTI_CODETXTSTIL (CODETYP_NR, STIL_NR, ERFASSUNGSZEIT, ERFASSER, NAME) VALUES (149, 1, '2005-12-14 12:55:29.876736', '       ', 'STANDARD                                          ');
INSERT INTO TBTI_CODETXTSTIL (CODETYP_NR, STIL_NR, ERFASSUNGSZEIT, ERFASSER, NAME) VALUES (150, 1, '2005-12-14 12:55:29.876805', '       ', 'STANDARD                                          ');
INSERT INTO TBTI_CODETXTSTIL (CODETYP_NR, STIL_NR, ERFASSUNGSZEIT, ERFASSER, NAME) VALUES (150, 2, '2005-12-14 12:55:29.876493', '       ', 'KURZ                                              ');
INSERT INTO TBTI_CODETXTSTIL (CODETYP_NR, STIL_NR, ERFASSUNGSZEIT, ERFASSER, NAME) VALUES (151, 1, '2005-12-14 12:55:29.876846', '       ', 'STANDARD                                          ');
INSERT INTO TBTI_CODETXTSTIL (CODETYP_NR, STIL_NR, ERFASSUNGSZEIT, ERFASSER, NAME) VALUES (166, 1, '2005-12-14 12:55:29.877970', '       ', 'STANDARD                                          ');
INSERT INTO TBTI_CODETXTSTIL (CODETYP_NR, STIL_NR, ERFASSUNGSZEIT, ERFASSER, NAME) VALUES (167, 1, '2005-12-14 12:55:29.878082', '       ', 'STANDARD                                          ');

INSERT INTO TBTI_CODETEXT (TEXT_NR, CODETYP_NR, CODEWERT, STIL_NR, ERFASSUNGSZEIT, ERFASSER) VALUES (1937, 146, 1, 1, '0001-01-01 00:00:00.000000', '       ');
INSERT INTO TBTI_CODETEXT (TEXT_NR, CODETYP_NR, CODEWERT, STIL_NR, ERFASSUNGSZEIT, ERFASSER) VALUES (1938, 146, 2, 1, '0001-01-01 00:00:00.000000', '       ');
INSERT INTO TBTI_CODETEXT (TEXT_NR, CODETYP_NR, CODEWERT, STIL_NR, ERFASSUNGSZEIT, ERFASSER) VALUES (1939, 146, 3, 1, '0001-01-01 00:00:00.000000', '       ');
INSERT INTO TBTI_CODETEXT (TEXT_NR, CODETYP_NR, CODEWERT, STIL_NR, ERFASSUNGSZEIT, ERFASSER) VALUES (1940, 146, 4, 1, '0001-01-01 00:00:00.000000', '       ');
INSERT INTO TBTI_CODETEXT (TEXT_NR, CODETYP_NR, CODEWERT, STIL_NR, ERFASSUNGSZEIT, ERFASSER) VALUES (1950, 148, 1, 1, '0001-01-01 00:00:00.000000', '       ');
INSERT INTO TBTI_CODETEXT (TEXT_NR, CODETYP_NR, CODEWERT, STIL_NR, ERFASSUNGSZEIT, ERFASSER) VALUES (1951, 148, 2, 1, '0001-01-01 00:00:00.000000', '       ');
INSERT INTO TBTI_CODETEXT (TEXT_NR, CODETYP_NR, CODEWERT, STIL_NR, ERFASSUNGSZEIT, ERFASSER) VALUES (1952, 148, 3, 1, '0001-01-01 00:00:00.000000', '       ');
INSERT INTO TBTI_CODETEXT (TEXT_NR, CODETYP_NR, CODEWERT, STIL_NR, ERFASSUNGSZEIT, ERFASSER) VALUES (1955, 151, 1, 1, '0001-01-01 00:00:00.000000', '       ');
INSERT INTO TBTI_CODETEXT (TEXT_NR, CODETYP_NR, CODEWERT, STIL_NR, ERFASSUNGSZEIT, ERFASSER) VALUES (1956, 150, 2, 1, '0001-01-01 00:00:00.000000', '       ');
INSERT INTO TBTI_CODETEXT (TEXT_NR, CODETYP_NR, CODEWERT, STIL_NR, ERFASSUNGSZEIT, ERFASSER) VALUES (1957, 150, 1, 1, '0001-01-01 00:00:00.000000', '       ');
INSERT INTO TBTI_CODETEXT (TEXT_NR, CODETYP_NR, CODEWERT, STIL_NR, ERFASSUNGSZEIT, ERFASSER) VALUES (1958, 151, 2, 1, '0001-01-01 00:00:00.000000', '       ');
INSERT INTO TBTI_CODETEXT (TEXT_NR, CODETYP_NR, CODEWERT, STIL_NR, ERFASSUNGSZEIT, ERFASSER) VALUES (1960, 151, 3, 1, '0001-01-01 00:00:00.000000', '       ');
INSERT INTO TBTI_CODETEXT (TEXT_NR, CODETYP_NR, CODEWERT, STIL_NR, ERFASSUNGSZEIT, ERFASSER) VALUES (2430, 149, 1, 1, '0001-01-01 00:00:00.000000', '       ');
INSERT INTO TBTI_CODETEXT (TEXT_NR, CODETYP_NR, CODEWERT, STIL_NR, ERFASSUNGSZEIT, ERFASSER) VALUES (2431, 149, 2, 1, '0001-01-01 00:00:00.000000', '       ');
INSERT INTO TBTI_CODETEXT (TEXT_NR, CODETYP_NR, CODEWERT, STIL_NR, ERFASSUNGSZEIT, ERFASSER) VALUES (2432, 149, 3, 1, '0001-01-01 00:00:00.000000', '       ');
INSERT INTO TBTI_CODETEXT (TEXT_NR, CODETYP_NR, CODEWERT, STIL_NR, ERFASSUNGSZEIT, ERFASSER) VALUES (2433, 149, 4, 1, '0001-01-01 00:00:00.000000', '       ');
INSERT INTO TBTI_CODETEXT (TEXT_NR, CODETYP_NR, CODEWERT, STIL_NR, ERFASSUNGSZEIT, ERFASSER) VALUES (2434, 149, 5, 1, '0001-01-01 00:00:00.000000', '       ');
INSERT INTO TBTI_CODETEXT (TEXT_NR, CODETYP_NR, CODEWERT, STIL_NR, ERFASSUNGSZEIT, ERFASSER) VALUES (2748, 166, 1, 1, '0001-01-01 00:00:00.000000', '       ');
INSERT INTO TBTI_CODETEXT (TEXT_NR, CODETYP_NR, CODEWERT, STIL_NR, ERFASSUNGSZEIT, ERFASSER) VALUES (2749, 166, 2, 1, '0001-01-01 00:00:00.000000', '       ');
INSERT INTO TBTI_CODETEXT (TEXT_NR, CODETYP_NR, CODEWERT, STIL_NR, ERFASSUNGSZEIT, ERFASSER) VALUES (2750, 166, 3, 1, '0001-01-01 00:00:00.000000', '       ');
INSERT INTO TBTI_CODETEXT (TEXT_NR, CODETYP_NR, CODEWERT, STIL_NR, ERFASSUNGSZEIT, ERFASSER) VALUES (2752, 167, 1, 1, '0001-01-01 00:00:00.000000', '       ');
INSERT INTO TBTI_CODETEXT (TEXT_NR, CODETYP_NR, CODEWERT, STIL_NR, ERFASSUNGSZEIT, ERFASSER) VALUES (2753, 167, 2, 1, '0001-01-01 00:00:00.000000', '       ');
INSERT INTO TBTI_CODETEXT (TEXT_NR, CODETYP_NR, CODEWERT, STIL_NR, ERFASSUNGSZEIT, ERFASSER) VALUES (2788, 148, 4, 1, '0001-01-01 00:00:00.000000', '       ');
INSERT INTO TBTI_CODETEXT (TEXT_NR, CODETYP_NR, CODEWERT, STIL_NR, ERFASSUNGSZEIT, ERFASSER) VALUES (3033, 149, 6, 1, '0001-01-01 00:00:00.000000', '       ');
INSERT INTO TBTI_CODETEXT (TEXT_NR, CODETYP_NR, CODEWERT, STIL_NR, ERFASSUNGSZEIT, ERFASSER) VALUES (3034, 149, 7, 1, '0001-01-01 00:00:00.000000', '       ');
INSERT INTO TBTI_CODETEXT (TEXT_NR, CODETYP_NR, CODEWERT, STIL_NR, ERFASSUNGSZEIT, ERFASSER) VALUES (3035, 149, 8, 1, '0001-01-01 00:00:00.000000', '       ');
INSERT INTO TBTI_CODETEXT (TEXT_NR, CODETYP_NR, CODEWERT, STIL_NR, ERFASSUNGSZEIT, ERFASSER) VALUES (3036, 149, 9, 1, '0001-01-01 00:00:00.000000', '       ');
INSERT INTO TBTI_CODETEXT (TEXT_NR, CODETYP_NR, CODEWERT, STIL_NR, ERFASSUNGSZEIT, ERFASSER) VALUES (3037, 149, 10, 1, '0001-01-01 00:00:00.000000', '       ');
INSERT INTO TBTI_CODETEXT (TEXT_NR, CODETYP_NR, CODEWERT, STIL_NR, ERFASSUNGSZEIT, ERFASSER) VALUES (3038, 149, 11, 1, '0001-01-01 00:00:00.000000', '       ');
INSERT INTO TBTI_CODETEXT (TEXT_NR, CODETYP_NR, CODEWERT, STIL_NR, ERFASSUNGSZEIT, ERFASSER) VALUES (3039, 149, 12, 1, '0001-01-01 00:00:00.000000', '       ');
INSERT INTO TBTI_CODETEXT (TEXT_NR, CODETYP_NR, CODEWERT, STIL_NR, ERFASSUNGSZEIT, ERFASSER) VALUES (3040, 148, 5, 1, '0001-01-01 00:00:00.000000', '       ');
INSERT INTO TBTI_CODETEXT (TEXT_NR, CODETYP_NR, CODEWERT, STIL_NR, ERFASSUNGSZEIT, ERFASSER) VALUES (3041, 149, 13, 1, '0001-01-01 00:00:00.000000', '       ');
INSERT INTO TBTI_CODETEXT (TEXT_NR, CODETYP_NR, CODEWERT, STIL_NR, ERFASSUNGSZEIT, ERFASSER) VALUES (45714, 150, 3, 1, '2018-07-02 16:54:39.945000', 'B037215');
INSERT INTO TBTI_CODETEXT (TEXT_NR, CODETYP_NR, CODEWERT, STIL_NR, ERFASSUNGSZEIT, ERFASSER) VALUES (45715, 150, 4, 1, '2018-07-02 16:54:40.012000', 'B037215');


INSERT INTO TBTI_CODEREF (APPL_NR, ELEM_NR, LAUF_NR, ERFASSUNGSZEIT, ERFASSER, TEXT_NR, CODETYP_NR) VALUES (26, 1, 2, '2005-12-14 08:31:00.387486', '       ', 1938, 146);
INSERT INTO TBTI_CODEREF (APPL_NR, ELEM_NR, LAUF_NR, ERFASSUNGSZEIT, ERFASSER, TEXT_NR, CODETYP_NR) VALUES (26, 1, 3, '2005-12-14 08:31:00.387493', '       ', 1939, 146);
INSERT INTO TBTI_CODEREF (APPL_NR, ELEM_NR, LAUF_NR, ERFASSUNGSZEIT, ERFASSER, TEXT_NR, CODETYP_NR) VALUES (26, 1, 4, '2005-12-14 08:31:00.387503', '       ', 1940, 146);
INSERT INTO TBTI_CODEREF (APPL_NR, ELEM_NR, LAUF_NR, ERFASSUNGSZEIT, ERFASSER, TEXT_NR, CODETYP_NR) VALUES (26, 2, 1, '2005-12-14 08:31:00.387510', '       ', 3038, 149);
INSERT INTO TBTI_CODEREF (APPL_NR, ELEM_NR, LAUF_NR, ERFASSUNGSZEIT, ERFASSER, TEXT_NR, CODETYP_NR) VALUES (26, 2, 2, '2005-12-14 08:31:00.387517', '       ', 3035, 149);
INSERT INTO TBTI_CODEREF (APPL_NR, ELEM_NR, LAUF_NR, ERFASSUNGSZEIT, ERFASSER, TEXT_NR, CODETYP_NR) VALUES (26, 2, 3, '2005-12-14 08:31:00.387525', '       ', 2430, 149);
INSERT INTO TBTI_CODEREF (APPL_NR, ELEM_NR, LAUF_NR, ERFASSUNGSZEIT, ERFASSER, TEXT_NR, CODETYP_NR) VALUES (26, 2, 4, '2005-12-14 08:31:00.387532', '       ', 3033, 149);
INSERT INTO TBTI_CODEREF (APPL_NR, ELEM_NR, LAUF_NR, ERFASSUNGSZEIT, ERFASSER, TEXT_NR, CODETYP_NR) VALUES (26, 2, 5, '2005-12-14 08:31:00.387539', '       ', 2433, 149);
INSERT INTO TBTI_CODEREF (APPL_NR, ELEM_NR, LAUF_NR, ERFASSUNGSZEIT, ERFASSER, TEXT_NR, CODETYP_NR) VALUES (26, 2, 6, '2005-12-14 08:31:00.387546', '       ', 3037, 149);
INSERT INTO TBTI_CODEREF (APPL_NR, ELEM_NR, LAUF_NR, ERFASSUNGSZEIT, ERFASSER, TEXT_NR, CODETYP_NR) VALUES (26, 2, 8, '2005-12-14 08:31:00.387553', '       ', 2431, 149);
INSERT INTO TBTI_CODEREF (APPL_NR, ELEM_NR, LAUF_NR, ERFASSUNGSZEIT, ERFASSER, TEXT_NR, CODETYP_NR) VALUES (26, 2, 9, '2005-12-14 08:31:00.387560', '       ', 3039, 149);
INSERT INTO TBTI_CODEREF (APPL_NR, ELEM_NR, LAUF_NR, ERFASSUNGSZEIT, ERFASSER, TEXT_NR, CODETYP_NR) VALUES (26, 2, 10, '2005-12-14 08:31:00.387567', '       ', 3036, 149);
INSERT INTO TBTI_CODEREF (APPL_NR, ELEM_NR, LAUF_NR, ERFASSUNGSZEIT, ERFASSER, TEXT_NR, CODETYP_NR) VALUES (26, 2, 11, '2005-12-14 08:31:00.387574', '       ', 2432, 149);
INSERT INTO TBTI_CODEREF (APPL_NR, ELEM_NR, LAUF_NR, ERFASSUNGSZEIT, ERFASSER, TEXT_NR, CODETYP_NR) VALUES (26, 2, 12, '2005-12-14 08:31:00.387581', '       ', 3034, 149);
INSERT INTO TBTI_CODEREF (APPL_NR, ELEM_NR, LAUF_NR, ERFASSUNGSZEIT, ERFASSER, TEXT_NR, CODETYP_NR) VALUES (26, 2, 13, '2005-12-14 08:31:00.387589', '       ', 3041, 149);
INSERT INTO TBTI_CODEREF (APPL_NR, ELEM_NR, LAUF_NR, ERFASSUNGSZEIT, ERFASSER, TEXT_NR, CODETYP_NR) VALUES (26, 2, 14, '2005-12-14 08:31:00.387596', '       ', 0, 149);
INSERT INTO TBTI_CODEREF (APPL_NR, ELEM_NR, LAUF_NR, ERFASSUNGSZEIT, ERFASSER, TEXT_NR, CODETYP_NR) VALUES (26, 3, 1, '2005-12-14 08:31:00.387603', '       ', 1950, 148);
INSERT INTO TBTI_CODEREF (APPL_NR, ELEM_NR, LAUF_NR, ERFASSUNGSZEIT, ERFASSER, TEXT_NR, CODETYP_NR) VALUES (26, 3, 2, '2005-12-14 08:31:00.387610', '       ', 1951, 148);
INSERT INTO TBTI_CODEREF (APPL_NR, ELEM_NR, LAUF_NR, ERFASSUNGSZEIT, ERFASSER, TEXT_NR, CODETYP_NR) VALUES (26, 3, 3, '2005-12-14 08:31:00.387665', '       ', 1952, 148);
INSERT INTO TBTI_CODEREF (APPL_NR, ELEM_NR, LAUF_NR, ERFASSUNGSZEIT, ERFASSER, TEXT_NR, CODETYP_NR) VALUES (26, 3, 4, '2005-12-14 08:31:00.387672', '       ', 2788, 148);
INSERT INTO TBTI_CODEREF (APPL_NR, ELEM_NR, LAUF_NR, ERFASSUNGSZEIT, ERFASSER, TEXT_NR, CODETYP_NR) VALUES (26, 3, 5, '2005-12-14 08:31:00.387679', '       ', 3040, 148);
INSERT INTO TBTI_CODEREF (APPL_NR, ELEM_NR, LAUF_NR, ERFASSUNGSZEIT, ERFASSER, TEXT_NR, CODETYP_NR) VALUES (26, 8, 1, '2005-12-14 08:31:00.387686', '       ', 1955, 151);
INSERT INTO TBTI_CODEREF (APPL_NR, ELEM_NR, LAUF_NR, ERFASSUNGSZEIT, ERFASSER, TEXT_NR, CODETYP_NR) VALUES (26, 8, 2, '2005-12-14 08:31:00.387693', '       ', 1958, 151);
INSERT INTO TBTI_CODEREF (APPL_NR, ELEM_NR, LAUF_NR, ERFASSUNGSZEIT, ERFASSER, TEXT_NR, CODETYP_NR) VALUES (26, 8, 3, '2005-12-14 08:31:00.387700', '       ', 1960, 151);
INSERT INTO TBTI_CODEREF (APPL_NR, ELEM_NR, LAUF_NR, ERFASSUNGSZEIT, ERFASSER, TEXT_NR, CODETYP_NR) VALUES (26, 9, 1, '2005-12-14 08:31:00.387708', '       ', 1957, 150);
INSERT INTO TBTI_CODEREF (APPL_NR, ELEM_NR, LAUF_NR, ERFASSUNGSZEIT, ERFASSER, TEXT_NR, CODETYP_NR) VALUES (26, 9, 2, '2005-12-14 08:31:00.387715', '       ', 1956, 150);
INSERT INTO TBTI_CODEREF (APPL_NR, ELEM_NR, LAUF_NR, ERFASSUNGSZEIT, ERFASSER, TEXT_NR, CODETYP_NR) VALUES (26, 37, 1, '2005-12-14 08:31:00.387722', '       ', 2748, 166);
INSERT INTO TBTI_CODEREF (APPL_NR, ELEM_NR, LAUF_NR, ERFASSUNGSZEIT, ERFASSER, TEXT_NR, CODETYP_NR) VALUES (26, 37, 2, '2005-12-14 08:31:00.387729', '       ', 2749, 166);
INSERT INTO TBTI_CODEREF (APPL_NR, ELEM_NR, LAUF_NR, ERFASSUNGSZEIT, ERFASSER, TEXT_NR, CODETYP_NR) VALUES (26, 37, 3, '2005-12-14 08:31:00.387736', '       ', 2750, 166);
INSERT INTO TBTI_CODEREF (APPL_NR, ELEM_NR, LAUF_NR, ERFASSUNGSZEIT, ERFASSER, TEXT_NR, CODETYP_NR) VALUES (26, 39, 1, '2005-12-14 08:31:00.387743', '       ', 2752, 167);
INSERT INTO TBTI_CODEREF (APPL_NR, ELEM_NR, LAUF_NR, ERFASSUNGSZEIT, ERFASSER, TEXT_NR, CODETYP_NR) VALUES (26, 39, 2, '2005-12-14 08:31:00.387750', '       ', 2753, 167);



INSERT INTO TBTI_CODETXTSTIL (CODETYP_NR, STIL_NR, ERFASSUNGSZEIT, ERFASSER, NAME) VALUES (146, 1, '2005-12-14 12:55:29.876627', '       ', 'STANDARD                                          ');
INSERT INTO TBTI_CODETXTSTIL (CODETYP_NR, STIL_NR, ERFASSUNGSZEIT, ERFASSER, NAME) VALUES (148, 1, '2005-12-14 12:55:29.876684', '       ', 'STANDARD                                          ');
INSERT INTO TBTI_CODETXTSTIL (CODETYP_NR, STIL_NR, ERFASSUNGSZEIT, ERFASSER, NAME) VALUES (149, 1, '2005-12-14 12:55:29.876736', '       ', 'STANDARD                                          ');
INSERT INTO TBTI_CODETXTSTIL (CODETYP_NR, STIL_NR, ERFASSUNGSZEIT, ERFASSER, NAME) VALUES (150, 1, '2005-12-14 12:55:29.876805', '       ', 'STANDARD                                          ');
INSERT INTO TBTI_CODETXTSTIL (CODETYP_NR, STIL_NR, ERFASSUNGSZEIT, ERFASSER, NAME) VALUES (150, 2, '2005-12-14 12:55:29.876493', '       ', 'KURZ                                              ');
INSERT INTO TBTI_CODETXTSTIL (CODETYP_NR, STIL_NR, ERFASSUNGSZEIT, ERFASSER, NAME) VALUES (151, 1, '2005-12-14 12:55:29.876846', '       ', 'STANDARD                                          ');
INSERT INTO TBTI_CODETXTSTIL (CODETYP_NR, STIL_NR, ERFASSUNGSZEIT, ERFASSER, NAME) VALUES (166, 1, '2005-12-14 12:55:29.877970', '       ', 'STANDARD                                          ');
INSERT INTO TBTI_CODETXTSTIL (CODETYP_NR, STIL_NR, ERFASSUNGSZEIT, ERFASSER, NAME) VALUES (167, 1, '2005-12-14 12:55:29.878082', '       ', 'STANDARD                                          ');


INSERT INTO TBTI_ELEMENT (APPL_NR, ELEM_NR, ERFASSUNGSZEIT, ERFASSER, NAME, TYP, TEXT_NR, MNEMONIC_NR) VALUES (26, 1, '2006-11-06 09:55:15.265000', 'b018007', 'W_TicketTyp                                       ', 2, 0, 0);
INSERT INTO TBTI_ELEMENT (APPL_NR, ELEM_NR, ERFASSUNGSZEIT, ERFASSER, NAME, TYP, TEXT_NR, MNEMONIC_NR) VALUES (26, 2, '2005-12-14 16:42:40.937325', '       ', 'W_SpielgegnerListe                                ', 2, 0, 0);
INSERT INTO TBTI_ELEMENT (APPL_NR, ELEM_NR, ERFASSUNGSZEIT, ERFASSER, NAME, TYP, TEXT_NR, MNEMONIC_NR) VALUES (26, 3, '2005-12-14 16:42:40.937333', '       ', 'W_SpieltypListe                                   ', 2, 0, 0);
INSERT INTO TBTI_ELEMENT (APPL_NR, ELEM_NR, ERFASSUNGSZEIT, ERFASSER, NAME, TYP, TEXT_NR, MNEMONIC_NR) VALUES (26, 4, '2005-12-14 16:42:40.937342', '       ', 'LBL_ACT_LeseSpieldaten                            ', 1, 810, 0);
INSERT INTO TBTI_ELEMENT (APPL_NR, ELEM_NR, ERFASSUNGSZEIT, ERFASSER, NAME, TYP, TEXT_NR, MNEMONIC_NR) VALUES (26, 5, '2005-12-14 16:42:40.937351', '       ', 'LBL_ACT_LeseTicketdaten                           ', 1, 1421, 0);
INSERT INTO TBTI_ELEMENT (APPL_NR, ELEM_NR, ERFASSUNGSZEIT, ERFASSER, NAME, TYP, TEXT_NR, MNEMONIC_NR) VALUES (26, 6, '2005-12-14 16:42:40.937359', '       ', 'LBL_ACT_OeffneSpiellookup                         ', 1, 1954, 0);
INSERT INTO TBTI_ELEMENT (APPL_NR, ELEM_NR, ERFASSUNGSZEIT, ERFASSER, NAME, TYP, TEXT_NR, MNEMONIC_NR) VALUES (26, 8, '2005-12-14 16:42:40.937434', '       ', 'W_Zahlungsmodalitaet                              ', 2, 0, 0);
INSERT INTO TBTI_ELEMENT (APPL_NR, ELEM_NR, ERFASSUNGSZEIT, ERFASSER, NAME, TYP, TEXT_NR, MNEMONIC_NR) VALUES (26, 9, '2005-12-14 16:42:40.937468', '       ', 'W_Zahlungsart                                     ', 2, 0, 0);
INSERT INTO TBTI_ELEMENT (APPL_NR, ELEM_NR, ERFASSUNGSZEIT, ERFASSER, NAME, TYP, TEXT_NR, MNEMONIC_NR) VALUES (26, 10, '2005-12-14 16:42:40.937476', '       ', 'LBL_ACT_LeseSpieldaten_Description                ', 1, 2014, 0);
INSERT INTO TBTI_ELEMENT (APPL_NR, ELEM_NR, ERFASSUNGSZEIT, ERFASSER, NAME, TYP, TEXT_NR, MNEMONIC_NR) VALUES (26, 11, '2005-12-14 16:42:40.937485', '       ', 'LBL_ACT_LeseTicketdaten_Description               ', 1, 2012, 0);
INSERT INTO TBTI_ELEMENT (APPL_NR, ELEM_NR, ERFASSUNGSZEIT, ERFASSER, NAME, TYP, TEXT_NR, MNEMONIC_NR) VALUES (26, 12, '2005-12-14 16:42:40.937493', '       ', 'LBL_ACT_OeffneSpiellookup_Description             ', 1, 2013, 0);
INSERT INTO TBTI_ELEMENT (APPL_NR, ELEM_NR, ERFASSUNGSZEIT, ERFASSER, NAME, TYP, TEXT_NR, MNEMONIC_NR) VALUES (26, 13, '2005-12-14 16:42:40.937502', '       ', 'LBL_ACT_BestellungVollstaendig                    ', 1, 2018, 0);
INSERT INTO TBTI_ELEMENT (APPL_NR, ELEM_NR, ERFASSUNGSZEIT, ERFASSER, NAME, TYP, TEXT_NR, MNEMONIC_NR) VALUES (26, 14, '2005-12-14 16:42:40.937510', '       ', 'LBL_ACT_BestellungVollstaendig_Description        ', 1, 2019, 0);
INSERT INTO TBTI_ELEMENT (APPL_NR, ELEM_NR, ERFASSUNGSZEIT, ERFASSER, NAME, TYP, TEXT_NR, MNEMONIC_NR) VALUES (26, 15, '2005-12-14 16:42:40.937518', '       ', 'LBL_ACT_LESE_BESTELLUNG                           ', 1, 2025, 0);
INSERT INTO TBTI_ELEMENT (APPL_NR, ELEM_NR, ERFASSUNGSZEIT, ERFASSER, NAME, TYP, TEXT_NR, MNEMONIC_NR) VALUES (26, 16, '2005-12-14 16:42:40.937527', '       ', 'LBL_ACT_OEFFNE_BESTELLUNGEN                       ', 1, 2026, 0);
INSERT INTO TBTI_ELEMENT (APPL_NR, ELEM_NR, ERFASSUNGSZEIT, ERFASSER, NAME, TYP, TEXT_NR, MNEMONIC_NR) VALUES (26, 17, '2005-12-14 16:42:40.937535', '       ', 'LBL_ACT_SUCHE_BESTELLUNGEN_Description            ', 1, 2025, 0);
INSERT INTO TBTI_ELEMENT (APPL_NR, ELEM_NR, ERFASSUNGSZEIT, ERFASSER, NAME, TYP, TEXT_NR, MNEMONIC_NR) VALUES (26, 18, '2005-12-14 16:42:40.937544', '       ', 'LBL_ACT_OEFFNE_BESTELLUNGEN_Description           ', 1, 2026, 0);
INSERT INTO TBTI_ELEMENT (APPL_NR, ELEM_NR, ERFASSUNGSZEIT, ERFASSER, NAME, TYP, TEXT_NR, MNEMONIC_NR) VALUES (26, 19, '2005-12-14 16:42:40.937552', '       ', 'LBL_ACT_CLEAR_BESTELLUNG_LOOKUP_PANEL             ', 1, 2027, 0);
INSERT INTO TBTI_ELEMENT (APPL_NR, ELEM_NR, ERFASSUNGSZEIT, ERFASSER, NAME, TYP, TEXT_NR, MNEMONIC_NR) VALUES (26, 20, '2005-12-14 16:42:40.937561', '       ', 'LBL_ACT_CLEAR_BESTELLUNG_LOOKUP_PANEL_Description ', 1, 2027, 0);
INSERT INTO TBTI_ELEMENT (APPL_NR, ELEM_NR, ERFASSUNGSZEIT, ERFASSER, NAME, TYP, TEXT_NR, MNEMONIC_NR) VALUES (26, 21, '2005-12-14 16:42:40.937864', '       ', 'LBL_ACT_Loesche_Bestellung                        ', 1, 1520, 0);
INSERT INTO TBTI_ELEMENT (APPL_NR, ELEM_NR, ERFASSUNGSZEIT, ERFASSER, NAME, TYP, TEXT_NR, MNEMONIC_NR) VALUES (26, 22, '2005-12-14 16:42:40.937873', '       ', 'LBL_ACT_Loesche_Bestellung_Description            ', 1, 2638, 0);
INSERT INTO TBTI_ELEMENT (APPL_NR, ELEM_NR, ERFASSUNGSZEIT, ERFASSER, NAME, TYP, TEXT_NR, MNEMONIC_NR) VALUES (26, 23, '2005-12-14 16:42:40.937882', '       ', 'LBL_ACT_Save_Bestellung_As                        ', 1, 2702, 0);
INSERT INTO TBTI_ELEMENT (APPL_NR, ELEM_NR, ERFASSUNGSZEIT, ERFASSER, NAME, TYP, TEXT_NR, MNEMONIC_NR) VALUES (26, 24, '2005-12-14 16:42:40.937890', '       ', 'LBL_ACT_Save_Bestellung_As_Description            ', 1, 2702, 0);
INSERT INTO TBTI_ELEMENT (APPL_NR, ELEM_NR, ERFASSUNGSZEIT, ERFASSER, NAME, TYP, TEXT_NR, MNEMONIC_NR) VALUES (26, 25, '2005-12-14 16:42:40.937899', '       ', 'LBL_Name                                          ', 1, 824, 0);
INSERT INTO TBTI_ELEMENT (APPL_NR, ELEM_NR, ERFASSUNGSZEIT, ERFASSER, NAME, TYP, TEXT_NR, MNEMONIC_NR) VALUES (26, 26, '2005-12-14 16:42:40.937908', '       ', 'LBL_Vorname                                       ', 1, 823, 0);
INSERT INTO TBTI_ELEMENT (APPL_NR, ELEM_NR, ERFASSUNGSZEIT, ERFASSER, NAME, TYP, TEXT_NR, MNEMONIC_NR) VALUES (26, 27, '2005-12-14 16:42:40.937917', '       ', 'LBL_Strasse                                       ', 1, 878, 0);
INSERT INTO TBTI_ELEMENT (APPL_NR, ELEM_NR, ERFASSUNGSZEIT, ERFASSER, NAME, TYP, TEXT_NR, MNEMONIC_NR) VALUES (26, 28, '2005-12-14 16:42:40.937926', '       ', 'LBL_Nr                                            ', 1, 2716, 0);
INSERT INTO TBTI_ELEMENT (APPL_NR, ELEM_NR, ERFASSUNGSZEIT, ERFASSER, NAME, TYP, TEXT_NR, MNEMONIC_NR) VALUES (26, 29, '2005-12-14 16:42:40.937934', '       ', 'LBL_Plz                                           ', 1, 825, 0);
INSERT INTO TBTI_ELEMENT (APPL_NR, ELEM_NR, ERFASSUNGSZEIT, ERFASSER, NAME, TYP, TEXT_NR, MNEMONIC_NR) VALUES (26, 30, '2005-12-14 16:42:40.937942', '       ', 'LBL_Ort                                           ', 1, 826, 0);
INSERT INTO TBTI_ELEMENT (APPL_NR, ELEM_NR, ERFASSUNGSZEIT, ERFASSER, NAME, TYP, TEXT_NR, MNEMONIC_NR) VALUES (26, 31, '2005-12-14 16:42:40.937951', '       ', 'LBL_Spieldatum                                    ', 1, 2717, 0);
INSERT INTO TBTI_ELEMENT (APPL_NR, ELEM_NR, ERFASSUNGSZEIT, ERFASSER, NAME, TYP, TEXT_NR, MNEMONIC_NR) VALUES (26, 32, '2005-12-14 16:42:40.937959', '       ', 'LBL_Bestelldatum                                  ', 1, 1020, 0);
INSERT INTO TBTI_ELEMENT (APPL_NR, ELEM_NR, ERFASSUNGSZEIT, ERFASSER, NAME, TYP, TEXT_NR, MNEMONIC_NR) VALUES (26, 33, '2005-12-14 16:42:40.937968', '       ', 'LBL_Anzahl                                        ', 1, 2718, 0);
INSERT INTO TBTI_ELEMENT (APPL_NR, ELEM_NR, ERFASSUNGSZEIT, ERFASSER, NAME, TYP, TEXT_NR, MNEMONIC_NR) VALUES (26, 34, '2005-12-14 16:42:40.937976', '       ', 'LBL_Spielbeginn                                   ', 1, 2719, 0);
INSERT INTO TBTI_ELEMENT (APPL_NR, ELEM_NR, ERFASSUNGSZEIT, ERFASSER, NAME, TYP, TEXT_NR, MNEMONIC_NR) VALUES (26, 35, '2005-12-14 16:42:40.937985', '       ', 'LBL_Spielgegner                                   ', 1, 2720, 0);
INSERT INTO TBTI_ELEMENT (APPL_NR, ELEM_NR, ERFASSUNGSZEIT, ERFASSER, NAME, TYP, TEXT_NR, MNEMONIC_NR) VALUES (26, 36, '2005-12-14 16:42:40.937993', '       ', 'LBL_Spieltyp                                      ', 1, 2721, 0);
INSERT INTO TBTI_ELEMENT (APPL_NR, ELEM_NR, ERFASSUNGSZEIT, ERFASSER, NAME, TYP, TEXT_NR, MNEMONIC_NR) VALUES (26, 37, '2005-12-14 16:42:40.938002', '       ', 'W_Status                                          ', 2, 0, 0);
INSERT INTO TBTI_ELEMENT (APPL_NR, ELEM_NR, ERFASSUNGSZEIT, ERFASSER, NAME, TYP, TEXT_NR, MNEMONIC_NR) VALUES (26, 38, '2005-12-14 16:42:40.938010', '       ', 'LBL_StatusBestellung                              ', 1, 2751, 0);
INSERT INTO TBTI_ELEMENT (APPL_NR, ELEM_NR, ERFASSUNGSZEIT, ERFASSER, NAME, TYP, TEXT_NR, MNEMONIC_NR) VALUES (26, 39, '2005-12-14 16:42:40.938018', '       ', 'W_StatusBestellung                                ', 2, 0, 0);
INSERT INTO TBTI_ELEMENT (APPL_NR, ELEM_NR, ERFASSUNGSZEIT, ERFASSER, NAME, TYP, TEXT_NR, MNEMONIC_NR) VALUES (26, 40, '2005-12-14 16:42:40.938027', '       ', 'LBL_Suchen                                        ', 1, 831, 0);
INSERT INTO TBTI_ELEMENT (APPL_NR, ELEM_NR, ERFASSUNGSZEIT, ERFASSER, NAME, TYP, TEXT_NR, MNEMONIC_NR) VALUES (26, 41, '2005-12-14 16:42:40.938035', '       ', 'LBL_Ticketuebersicht                              ', 1, 2781, 0);
INSERT INTO TBTI_ELEMENT (APPL_NR, ELEM_NR, ERFASSUNGSZEIT, ERFASSER, NAME, TYP, TEXT_NR, MNEMONIC_NR) VALUES (26, 42, '2005-12-14 16:42:40.938044', '       ', 'LBL_Adress_Zahlungsdaten                          ', 1, 2782, 0);
INSERT INTO TBTI_ELEMENT (APPL_NR, ELEM_NR, ERFASSUNGSZEIT, ERFASSER, NAME, TYP, TEXT_NR, MNEMONIC_NR) VALUES (26, 43, '2005-12-14 16:42:40.938052', '       ', 'LBL_Spieldaten                                    ', 1, 2783, 0);
INSERT INTO TBTI_ELEMENT (APPL_NR, ELEM_NR, ERFASSUNGSZEIT, ERFASSER, NAME, TYP, TEXT_NR, MNEMONIC_NR) VALUES (26, 44, '2005-12-14 16:42:40.938061', '       ', 'LBL_Tickettyp                                     ', 1, 2784, 0);
INSERT INTO TBTI_ELEMENT (APPL_NR, ELEM_NR, ERFASSUNGSZEIT, ERFASSER, NAME, TYP, TEXT_NR, MNEMONIC_NR) VALUES (26, 45, '2005-12-14 16:42:40.938069', '       ', 'LBL_Preise                                        ', 1, 2785, 0);
INSERT INTO TBTI_ELEMENT (APPL_NR, ELEM_NR, ERFASSUNGSZEIT, ERFASSER, NAME, TYP, TEXT_NR, MNEMONIC_NR) VALUES (26, 46, '2005-12-14 22:00:29.265000', 'B018007', 'LBL_Adressdaten                                   ', 1, 2786, 1);
INSERT INTO TBTI_ELEMENT (APPL_NR, ELEM_NR, ERFASSUNGSZEIT, ERFASSER, NAME, TYP, TEXT_NR, MNEMONIC_NR) VALUES (26, 47, '2005-12-14 16:42:40.938086', '       ', 'LBL_Zahlungsdaten                                 ', 1, 2787, 0);

INSERT INTO TBTI_MELDUNGSSTIL (APPL_NR, STIL_NR, ERFASSUNGSZEIT, ERFASSER, NAME) VALUES (26, 1, '2005-12-14 21:50:41.359000', 'initial', 'STANDARD                                          ');
INSERT INTO TBTI_MELDUNGSSTIL (APPL_NR, STIL_NR, ERFASSUNGSZEIT, ERFASSER, NAME) VALUES (26, 2, '2006-09-15 15:56:54.843000', 'B018007', 'INTERNET                                          ');

INSERT INTO TBTI_MELDUNGSREF (APPL_NR, MELDUNGS_NR, STIL_NR, TEXT_NR, ERFASSUNGSZEIT, ERFASSER) VALUES (26, 1, 1, 2347, '2005-12-14 21:50:22.093000', 'initial');
INSERT INTO TBTI_MELDUNGSREF (APPL_NR, MELDUNGS_NR, STIL_NR, TEXT_NR, ERFASSUNGSZEIT, ERFASSER) VALUES (26, 2, 1, 2348, '2005-12-14 21:50:22.109000', 'initial');
INSERT INTO TBTI_MELDUNGSREF (APPL_NR, MELDUNGS_NR, STIL_NR, TEXT_NR, ERFASSUNGSZEIT, ERFASSER) VALUES (26, 3, 1, 2349, '2005-12-14 21:50:22.125000', 'initial');
INSERT INTO TBTI_MELDUNGSREF (APPL_NR, MELDUNGS_NR, STIL_NR, TEXT_NR, ERFASSUNGSZEIT, ERFASSER) VALUES (26, 4, 1, 2350, '2005-12-14 21:50:22.156000', 'initial');
INSERT INTO TBTI_MELDUNGSREF (APPL_NR, MELDUNGS_NR, STIL_NR, TEXT_NR, ERFASSUNGSZEIT, ERFASSER) VALUES (26, 5, 1, 2351, '2005-12-14 21:50:22.171000', 'initial');
INSERT INTO TBTI_MELDUNGSREF (APPL_NR, MELDUNGS_NR, STIL_NR, TEXT_NR, ERFASSUNGSZEIT, ERFASSER) VALUES (26, 6, 1, 2352, '2005-12-14 21:50:22.203000', 'initial');
INSERT INTO TBTI_MELDUNGSREF (APPL_NR, MELDUNGS_NR, STIL_NR, TEXT_NR, ERFASSUNGSZEIT, ERFASSER) VALUES (26, 7, 1, 2353, '2005-12-14 21:50:22.218000', 'initial');
INSERT INTO TBTI_MELDUNGSREF (APPL_NR, MELDUNGS_NR, STIL_NR, TEXT_NR, ERFASSUNGSZEIT, ERFASSER) VALUES (26, 8, 1, 2354, '2005-12-14 21:50:22.234000', 'initial');
INSERT INTO TBTI_MELDUNGSREF (APPL_NR, MELDUNGS_NR, STIL_NR, TEXT_NR, ERFASSUNGSZEIT, ERFASSER) VALUES (26, 9, 1, 2355, '2005-12-14 21:50:22.265000', 'initial');
INSERT INTO TBTI_MELDUNGSREF (APPL_NR, MELDUNGS_NR, STIL_NR, TEXT_NR, ERFASSUNGSZEIT, ERFASSER) VALUES (26, 10, 1, 2356, '2005-12-14 21:50:22.281000', 'initial');
INSERT INTO TBTI_MELDUNGSREF (APPL_NR, MELDUNGS_NR, STIL_NR, TEXT_NR, ERFASSUNGSZEIT, ERFASSER) VALUES (26, 11, 1, 2357, '2005-12-14 21:50:22.296000', 'initial');
INSERT INTO TBTI_MELDUNGSREF (APPL_NR, MELDUNGS_NR, STIL_NR, TEXT_NR, ERFASSUNGSZEIT, ERFASSER) VALUES (26, 12, 1, 2359, '2005-12-14 21:50:22.312000', 'initial');
INSERT INTO TBTI_MELDUNGSREF (APPL_NR, MELDUNGS_NR, STIL_NR, TEXT_NR, ERFASSUNGSZEIT, ERFASSER) VALUES (26, 13, 1, 2527, '2005-12-14 21:50:22.343000', 'initial');
INSERT INTO TBTI_MELDUNGSREF (APPL_NR, MELDUNGS_NR, STIL_NR, TEXT_NR, ERFASSUNGSZEIT, ERFASSER) VALUES (26, 14, 1, 2528, '2005-12-14 21:50:22.359000', 'initial');
INSERT INTO TBTI_MELDUNGSREF (APPL_NR, MELDUNGS_NR, STIL_NR, TEXT_NR, ERFASSUNGSZEIT, ERFASSER) VALUES (26, 15, 1, 2607, '2005-12-14 21:50:22.390000', 'initial');
INSERT INTO TBTI_MELDUNGSREF (APPL_NR, MELDUNGS_NR, STIL_NR, TEXT_NR, ERFASSUNGSZEIT, ERFASSER) VALUES (26, 16, 1, 2608, '2005-12-14 21:50:22.406000', 'initial');
INSERT INTO TBTI_MELDUNGSREF (APPL_NR, MELDUNGS_NR, STIL_NR, TEXT_NR, ERFASSUNGSZEIT, ERFASSER) VALUES (26, 17, 1, 2609, '2005-12-14 21:50:22.421000', 'initial');
INSERT INTO TBTI_MELDUNGSREF (APPL_NR, MELDUNGS_NR, STIL_NR, TEXT_NR, ERFASSUNGSZEIT, ERFASSER) VALUES (26, 18, 1, 2610, '2005-12-14 21:50:22.453000', 'initial');
INSERT INTO TBTI_MELDUNGSREF (APPL_NR, MELDUNGS_NR, STIL_NR, TEXT_NR, ERFASSUNGSZEIT, ERFASSER) VALUES (26, 19, 1, 2611, '2005-12-14 21:50:22.468000', 'initial');
INSERT INTO TBTI_MELDUNGSREF (APPL_NR, MELDUNGS_NR, STIL_NR, TEXT_NR, ERFASSUNGSZEIT, ERFASSER) VALUES (26, 20, 1, 2612, '2005-12-14 21:50:22.500000', 'initial');
INSERT INTO TBTI_MELDUNGSREF (APPL_NR, MELDUNGS_NR, STIL_NR, TEXT_NR, ERFASSUNGSZEIT, ERFASSER) VALUES (26, 21, 1, 2613, '2005-12-14 21:50:22.515000', 'initial');
INSERT INTO TBTI_MELDUNGSREF (APPL_NR, MELDUNGS_NR, STIL_NR, TEXT_NR, ERFASSUNGSZEIT, ERFASSER) VALUES (26, 22, 1, 2614, '2005-12-14 21:50:22.531000', 'initial');
INSERT INTO TBTI_MELDUNGSREF (APPL_NR, MELDUNGS_NR, STIL_NR, TEXT_NR, ERFASSUNGSZEIT, ERFASSER) VALUES (26, 23, 1, 2615, '2005-12-14 21:50:22.562000', 'initial');
INSERT INTO TBTI_MELDUNGSREF (APPL_NR, MELDUNGS_NR, STIL_NR, TEXT_NR, ERFASSUNGSZEIT, ERFASSER) VALUES (26, 24, 1, 2616, '2005-12-14 21:50:22.578000', 'initial');
INSERT INTO TBTI_MELDUNGSREF (APPL_NR, MELDUNGS_NR, STIL_NR, TEXT_NR, ERFASSUNGSZEIT, ERFASSER) VALUES (26, 25, 1, 2617, '2005-12-14 21:50:22.609000', 'initial');
INSERT INTO TBTI_MELDUNGSREF (APPL_NR, MELDUNGS_NR, STIL_NR, TEXT_NR, ERFASSUNGSZEIT, ERFASSER) VALUES (26, 26, 1, 2618, '2005-12-14 21:50:22.625000', 'initial');
INSERT INTO TBTI_MELDUNGSREF (APPL_NR, MELDUNGS_NR, STIL_NR, TEXT_NR, ERFASSUNGSZEIT, ERFASSER) VALUES (26, 27, 1, 2619, '2005-12-14 21:50:22.640000', 'initial');
INSERT INTO TBTI_MELDUNGSREF (APPL_NR, MELDUNGS_NR, STIL_NR, TEXT_NR, ERFASSUNGSZEIT, ERFASSER) VALUES (26, 28, 1, 2620, '2005-12-14 21:50:22.671000', 'initial');
INSERT INTO TBTI_MELDUNGSREF (APPL_NR, MELDUNGS_NR, STIL_NR, TEXT_NR, ERFASSUNGSZEIT, ERFASSER) VALUES (26, 29, 1, 2621, '2005-12-14 21:50:22.687000', 'initial');
INSERT INTO TBTI_MELDUNGSREF (APPL_NR, MELDUNGS_NR, STIL_NR, TEXT_NR, ERFASSUNGSZEIT, ERFASSER) VALUES (26, 30, 1, 2622, '2005-12-14 21:50:22.718000', 'initial');
INSERT INTO TBTI_MELDUNGSREF (APPL_NR, MELDUNGS_NR, STIL_NR, TEXT_NR, ERFASSUNGSZEIT, ERFASSER) VALUES (26, 31, 1, 2623, '2005-12-14 21:50:22.734000', 'initial');
INSERT INTO TBTI_MELDUNGSREF (APPL_NR, MELDUNGS_NR, STIL_NR, TEXT_NR, ERFASSUNGSZEIT, ERFASSER) VALUES (26, 32, 1, 2624, '2005-12-14 21:50:22.750000', 'initial');
INSERT INTO TBTI_MELDUNGSREF (APPL_NR, MELDUNGS_NR, STIL_NR, TEXT_NR, ERFASSUNGSZEIT, ERFASSER) VALUES (26, 33, 1, 2625, '2005-12-14 21:50:22.781000', 'initial');
INSERT INTO TBTI_MELDUNGSREF (APPL_NR, MELDUNGS_NR, STIL_NR, TEXT_NR, ERFASSUNGSZEIT, ERFASSER) VALUES (26, 34, 1, 2626, '2005-12-14 21:50:22.796000', 'initial');
INSERT INTO TBTI_MELDUNGSREF (APPL_NR, MELDUNGS_NR, STIL_NR, TEXT_NR, ERFASSUNGSZEIT, ERFASSER) VALUES (26, 35, 1, 2627, '2005-12-14 21:50:22.828000', 'initial');
INSERT INTO TBTI_MELDUNGSREF (APPL_NR, MELDUNGS_NR, STIL_NR, TEXT_NR, ERFASSUNGSZEIT, ERFASSER) VALUES (26, 36, 1, 2697, '2005-12-14 21:50:22.843000', 'initial');
INSERT INTO TBTI_MELDUNGSREF (APPL_NR, MELDUNGS_NR, STIL_NR, TEXT_NR, ERFASSUNGSZEIT, ERFASSER) VALUES (26, 37, 1, 2703, '2005-12-14 21:50:22.859000', 'initial');
INSERT INTO TBTI_MELDUNGSREF (APPL_NR, MELDUNGS_NR, STIL_NR, TEXT_NR, ERFASSUNGSZEIT, ERFASSER) VALUES (26, 38, 1, 2744, '2005-12-14 21:50:22.890000', 'initial');
INSERT INTO TBTI_MELDUNGSREF (APPL_NR, MELDUNGS_NR, STIL_NR, TEXT_NR, ERFASSUNGSZEIT, ERFASSER) VALUES (26, 39, 1, 2745, '2005-12-14 21:50:22.906000', 'initial');
INSERT INTO TBTI_MELDUNGSREF (APPL_NR, MELDUNGS_NR, STIL_NR, TEXT_NR, ERFASSUNGSZEIT, ERFASSER) VALUES (26, 40, 1, 2746, '2005-12-14 21:50:22.937000', 'initial');
INSERT INTO TBTI_MELDUNGSREF (APPL_NR, MELDUNGS_NR, STIL_NR, TEXT_NR, ERFASSUNGSZEIT, ERFASSER) VALUES (26, 41, 1, 2747, '2005-12-14 21:50:22.953000', 'initial');
INSERT INTO TBTI_MELDUNGSREF (APPL_NR, MELDUNGS_NR, STIL_NR, TEXT_NR, ERFASSUNGSZEIT, ERFASSER) VALUES (26, 42, 1, 2754, '2005-12-14 21:50:22.984000', 'initial');
INSERT INTO TBTI_MELDUNGSREF (APPL_NR, MELDUNGS_NR, STIL_NR, TEXT_NR, ERFASSUNGSZEIT, ERFASSER) VALUES (26, 43, 1, 2755, '2005-12-14 21:50:23.000000', 'initial');
INSERT INTO TBTI_MELDUNGSREF (APPL_NR, MELDUNGS_NR, STIL_NR, TEXT_NR, ERFASSUNGSZEIT, ERFASSER) VALUES (26, 44, 1, 2824, '2005-12-14 21:50:23.015000', 'initial');
INSERT INTO TBTI_MELDUNGSREF (APPL_NR, MELDUNGS_NR, STIL_NR, TEXT_NR, ERFASSUNGSZEIT, ERFASSER) VALUES (26, 45, 1, 2825, '2005-12-14 21:50:23.046000', 'initial');
INSERT INTO TBTI_MELDUNGSREF (APPL_NR, MELDUNGS_NR, STIL_NR, TEXT_NR, ERFASSUNGSZEIT, ERFASSER) VALUES (26, 46, 1, 2826, '2005-12-14 21:50:23.062000', 'initial');
INSERT INTO TBTI_MELDUNGSREF (APPL_NR, MELDUNGS_NR, STIL_NR, TEXT_NR, ERFASSUNGSZEIT, ERFASSER) VALUES (26, 47, 1, 2827, '2005-12-14 21:50:23.078000', 'initial');
INSERT INTO TBTI_MELDUNGSREF (APPL_NR, MELDUNGS_NR, STIL_NR, TEXT_NR, ERFASSUNGSZEIT, ERFASSER) VALUES (26, 48, 1, 2828, '2005-12-14 21:50:23.109000', 'initial');
INSERT INTO TBTI_MELDUNGSREF (APPL_NR, MELDUNGS_NR, STIL_NR, TEXT_NR, ERFASSUNGSZEIT, ERFASSER) VALUES (26, 49, 1, 2829, '2005-12-14 21:50:23.125000', 'initial');
INSERT INTO TBTI_MELDUNGSREF (APPL_NR, MELDUNGS_NR, STIL_NR, TEXT_NR, ERFASSUNGSZEIT, ERFASSER) VALUES (26, 50, 1, 2830, '2005-12-14 21:50:23.156000', 'initial');
INSERT INTO TBTI_MELDUNGSREF (APPL_NR, MELDUNGS_NR, STIL_NR, TEXT_NR, ERFASSUNGSZEIT, ERFASSER) VALUES (26, 51, 1, 2831, '2005-12-14 21:50:23.171000', 'initial');
INSERT INTO TBTI_MELDUNGSREF (APPL_NR, MELDUNGS_NR, STIL_NR, TEXT_NR, ERFASSUNGSZEIT, ERFASSER) VALUES (26, 52, 1, 2832, '2005-12-14 21:50:23.203000', 'initial');
INSERT INTO TBTI_MELDUNGSREF (APPL_NR, MELDUNGS_NR, STIL_NR, TEXT_NR, ERFASSUNGSZEIT, ERFASSER) VALUES (26, 53, 1, 2833, '2005-12-14 21:50:23.218000', 'initial');
INSERT INTO TBTI_MELDUNGSREF (APPL_NR, MELDUNGS_NR, STIL_NR, TEXT_NR, ERFASSUNGSZEIT, ERFASSER) VALUES (26, 54, 1, 2834, '2005-12-14 21:50:23.250000', 'initial');
INSERT INTO TBTI_MELDUNGSREF (APPL_NR, MELDUNGS_NR, STIL_NR, TEXT_NR, ERFASSUNGSZEIT, ERFASSER) VALUES (26, 55, 1, 2835, '2005-12-14 21:50:23.265000', 'initial');
INSERT INTO TBTI_MELDUNGSREF (APPL_NR, MELDUNGS_NR, STIL_NR, TEXT_NR, ERFASSUNGSZEIT, ERFASSER) VALUES (26, 56, 1, 2836, '2005-12-14 21:50:23.296000', 'initial');
INSERT INTO TBTI_MELDUNGSREF (APPL_NR, MELDUNGS_NR, STIL_NR, TEXT_NR, ERFASSUNGSZEIT, ERFASSER) VALUES (26, 57, 1, 2837, '2005-12-14 21:50:23.328000', 'initial');
INSERT INTO TBTI_MELDUNGSREF (APPL_NR, MELDUNGS_NR, STIL_NR, TEXT_NR, ERFASSUNGSZEIT, ERFASSER) VALUES (26, 58, 1, 2838, '2005-12-14 21:50:23.343000', 'initial');

INSERT INTO TBTI_ZUSTAENDIG (ZUSTAENDIGKEIT_NR, PROJEKTNAME, ERFASSUNGSZEIT, ERFASSER, PACKAGE, CODETYPPRAEFIX, ZUSTAENDIGKEIT) VALUES (5, 'FCBCodes                                          ', '2005-12-19 13:51:58.484000', 'B018007', 'beispiel.ch.basler.fcb                                                                                                                                                                                                                                         ', 'FCB                                     ', 'dominic.steger@baloise.ch                                                                                                                                                                                                                                      ');
